2L:2390177 Arg254Lys	2L:2399997 Asp466His	2L:2416980 Thr791Met	2L:2422651 Leu995Ser	2L:2422652 Leu995Phe	2L:2429617 Ile1527Thr	2L:2429745 Asn1570Tyr	2L:2429897 Glu1597Gly	2L:2429915 Lys1603Thr	2L:2430424 Ala1746Ser	2L:2430817 Val1853Ile	2L:2430863 Ile1868Thr	2L:2430880 Pro1874Ser	2L:2430881 Pro1874Leu	2L:2431079 Ile1940Thr
	0.21038961038961038	-1.0	0.31601731601731603	0.6179679144385026	-1.0	-0.023853211009174313	-1.0	-1.0	-1.0	-1.0	-1.0	-1.0	-1.0	0.09685086155674391
0.21038961038961038		-1.0	0.09818181818181818	0.38805194805194804	-1.0	-0.691218872870249	-1.0	-1.0	-1.0	-1.0	-1.0	-1.0	-1.0	0.9701356318925085
-1.0	-1.0		-1.0	-1.0	-1.0	0.13629813162086316	0.20582484999662914	-1.0	0.9687143122725945	0.27122750940867146	0.23521208040780994	-0.5256151674062122	0.1733365652648164	-1.0
0.31601731601731603	0.09818181818181818	-1.0		0.6021390374331551	-1.0	-0.5124508519003932	-1.0	-1.0	-1.0	-1.0	-1.0	-1.0	-1.0	0.027450980392156862
0.6179679144385026	0.38805194805194804	-1.0	0.6021390374331551		0.9474928622412563	-0.15498168913051685	-1.0	-1.0	-1.0	-1.0	-1.0	-0.20545421042933482	-0.682655332928557	0.2588864422774457
-1.0	-1.0	-1.0	-1.0	0.9474928622412563		0.012737983770287141	-1.0	-1.0	-1.0	-1.0	-1.0	0.18255490373044525	0.03313883901855177	0.020037744227353462
-0.023853211009174313	-0.691218872870249	0.13629813162086316	-0.5124508519003932	-0.15498168913051685	0.012737983770287141		0.06756853997265597	-0.020850708924103418	0.13178558267426368	0.22214273922852584	0.2245435332432526	0.06234525591349718	0.1507981624594773	-0.5761827666846555
-1.0	-1.0	0.20582484999662914	-1.0	-1.0	-1.0	0.06756853997265597		-1.0	0.20859926100100773	0.06340687736036574	0.2744319737202299	-1.0	0.10755432907899276	-1.0
-1.0	-1.0	-1.0	-1.0	-1.0	-1.0	-0.020850708924103418	-1.0		-1.0	-1.0	-1.0	0.13220896750308514	-1.0	0.0496235732210799
-1.0	-1.0	0.9687143122725945	-1.0	-1.0	-1.0	0.13178558267426368	0.20859926100100773	-1.0		0.21325455946570768	0.269545993745282	-1.0	0.2009783938035059	-1.0
-1.0	-1.0	0.27122750940867146	-1.0	-1.0	-1.0	0.22214273922852584	0.06340687736036574	-1.0	0.21325455946570768		0.07525643709441072	-1.0	0.19345819045106832	-1.0
-1.0	-1.0	0.23521208040780994	-1.0	-1.0	-1.0	0.2245435332432526	0.2744319737202299	-1.0	0.269545993745282	0.07525643709441072		-1.0	0.33592426507224715	-1.0
-1.0	-1.0	-0.5256151674062122	-1.0	-0.20545421042933482	0.18255490373044525	0.06234525591349718	-1.0	0.13220896750308514	-1.0	-1.0	-1.0		-0.13677514068999266	-0.655838454784899
-1.0	-1.0	0.1733365652648164	-1.0	-0.682655332928557	0.03313883901855177	0.1507981624594773	0.10755432907899276	-1.0	0.2009783938035059	0.19345819045106832	0.33592426507224715	-0.13677514068999266		-0.24397299903567984
0.09685086155674391	0.9701356318925085	-1.0	0.027450980392156862	0.2588864422774457	0.020037744227353462	-0.5761827666846555	-1.0	0.0496235732210799	-1.0	-1.0	-1.0	-0.655838454784899	-0.24397299903567984	
