chr	POS	REF	ALT	gene_eff	PEP_eff	CDS_eff	is_nonsyn	index	AOcol	BFara	BFcol	BFgam	CIcol	CMara	CMgam	CMmel	FRgam	GAgam	GHcol	GHgam	GM	GNcol	GNgam	GQgam	GW	KE	KEmer	SAmer	TZara	UGgam	ZMqua	all
2L	2358316	T	G	AGAP004707		n.147+12T>G	False	4763	0.0	0.0	0.0	0.0	0.0	0.0	0.13636363636363635	0.0	0.0	0.0	0.0	0.0	0.0	0.0	0.0	0.0	0.0	0.0	0.0	0.0	0.0	0.0	0.0	0.03438030560271647
2L	2358328	T	C	AGAP004707		n.147+24T>C	False	4764	0.0	0.0	0.006666666666666667	0.0	0.0	0.0	0.0	0.0	0.0	0.0	0.0	0.0	0.030769230769230767	0.0	0.0	0.0	0.016483516483516484	0.0	0.0	0.0	0.0	0.0	0.0	0.003395585738539898
2L	2360070	G	T	AGAP004707		n.147+1766G>T	False	4765	0.0	1.0	0.0	0.0	0.007042253521126761	1.0	0.0	0.0	0.0	0.0	0.0	0.0	0.0	0.0	0.0	0.0	0.0	0.0	0.0	0.0	1.0	0.0	0.0	0.009770603228547154
2L	2360071	A	G	AGAP004707		n.147+1767A>G	False	4766	0.0	0.0	0.0	0.0	0.007042253521126761	0.0	0.006734006734006734	0.0	0.16666666666666666	0.0	0.0	0.0	0.015384615384615384	0.0	0.0	0.0	0.005494505494505495	0.0	0.0	0.0	0.0	0.0	0.0	0.006796941376380629
2L	2360089	G	T	AGAP004707		n.147+1785G>T	False	4767	0.0	0.0	0.0	0.0	0.0	0.0	0.003367003367003367	0.0	0.0	0.0	0.0	0.0	0.0	0.0	0.0	0.0	0.0	0.0	1.0	1.0	0.0	0.0	0.0	0.009345794392523364
2L	2360106	G	A	AGAP004707		n.147+1802G>A	False	4768	0.0	0.0	0.0	0.005434782608695652	0.0	0.0	0.0	0.0	0.0	0.0	0.0	0.0	0.0	0.0	0.0	0.0	0.0	0.0	1.0	1.0	0.0	0.0	0.0	0.008913412563667233
2L	2360111	C	G	AGAP004707		n.147+1807C>G	False	4769	0.0	0.0	0.0	0.0	0.0	0.0	0.0	0.0	0.0	0.0	0.0	0.0	0.05384615384615385	0.0	0.0	0.0	0.0	0.0	0.0	0.0	0.0	0.0	0.0	0.0029711375212224107
2L	2360118	A	T	AGAP004707		n.147+1814A>T	False	4770	0.03205128205128205	0.0	0.06666666666666667	0.0	0.0	0.0	0.0	0.0	0.0	0.0	0.17272727272727273	0.0	0.030769230769230767	0.0	0.0	0.0	0.0989010989010989	0.1875	0.0	0.0	0.0	0.0	0.0	0.031409168081494056
2L	2360133	C	T	AGAP004707		n.147+1829C>T	False	4771	1.0	1.0	0.9333333333333333	1.0	0.9014084507042254	1.0	1.0	1.0	1.0	1.0	0.990909090909091	1.0	0.8692307692307693	0.875	1.0	1.0	0.8296703296703297	1.0	1.0	1.0	1.0	1.0	1.0	0.9685908319185059
2L	2360159	T	A	AGAP004707		n.148-1848T>A	False	4772	0.0	0.0	0.0	0.0	0.0	0.0	0.0	0.0	0.0	0.0	0.0	0.0	0.0	0.0	0.0	0.0	0.005494505494505495	0.0	1.0	1.0	0.0	0.0	0.0	0.008913412563667233
2L	2360173	T	A	AGAP004707		n.148-1834T>A	False	4773	0.0	0.0	0.0	0.0	0.0	0.0	0.0	1.0	0.0	0.0	0.0	0.0	0.2230769230769231	0.0	0.0	0.0	0.24725274725274726	0.0	1.0	1.0	0.0	0.0	0.0	0.0432937181663837
2L	2360177	T	C	AGAP004707		n.148-1830T>C	False	4774	0.0	0.0	0.0	0.0	0.0	0.0	0.006734006734006734	0.0	0.0	0.0	0.0	0.0	0.0	0.0	0.0	0.0	0.0	0.0	0.0	0.0	0.0	0.0	0.0	0.0016992353440951572
2L	2360189	T	C	AGAP004707		n.148-1818T>C	False	4775	0.0	0.0	0.0	0.005434782608695652	0.0	0.0	0.0	1.0	0.0	0.0	0.0	0.0	0.0	0.0	0.0	0.0	0.0	0.0	0.0	0.0	0.0	0.0	0.0	0.0038232795242141037
2L	2360191	G	C	AGAP004707		n.148-1816G>C	False	4776	0.0	0.0	0.04666666666666667	0.0	0.08450704225352113	0.0	0.0	0.0	0.0	0.0	0.00909090909090909	0.0	0.0	0.125	0.0	0.0	0.0	0.0	1.0	1.0	0.0	0.0	0.0	0.017417162276975363
2L	2360193	C	T	AGAP004707		n.148-1814C>T	False	4777	0.0	0.0	0.0	0.0	0.0	0.0	0.0016835016835016834	1.0	0.0	0.0	0.0	0.0	0.0	0.0	0.0	0.05555555555555555	0.0	0.0	1.0	1.0	0.0	0.0	0.0	0.012744265080713678
2L	2360195	A	G	AGAP004707		n.148-1812A>G	False	4778	0.08974358974358974	0.0	0.0	0.0	0.0	0.0	0.0	0.0	0.0	0.0	0.0	0.0	0.0	0.0	0.0	0.0	0.0	0.0	0.0	0.0	0.0	0.0	0.0	0.005942275042444821
2L	2360204	T	C	AGAP004707		n.148-1803T>C	False	4779	0.0	0.0	0.0	0.0	0.0	0.0	0.0	0.0	0.0625	0.0	0.0	0.0	0.0	0.0	0.0	0.0	0.0	0.0	0.0	0.0	0.0	0.0	0.0	0.0012733446519524619
2L	2360255	C	G	AGAP004707		n.148-1752C>G	False	4780	0.0	0.0	0.0	0.0	0.0	0.0	0.13636363636363635	0.0	0.0	0.0	0.0	0.0	0.0	0.0	0.0	0.0	0.0	0.0	0.0	0.0	0.125	0.0	0.0	0.03480475382003396
2L	2360259	T	C	AGAP004707		n.148-1748T>C	False	4781	0.0	0.0	0.0	0.0	0.0	0.0	0.0	0.0	0.16666666666666666	0.0	0.0	0.0	0.0	0.0	0.0	0.0	0.0	0.0	0.0	0.0	0.0	0.0	0.0	0.003395585738539898
2L	2360303	C	G	AGAP004707		n.148-1704C>G	False	4782	0.0	1.0	0.0	0.005434782608695652	0.0	1.0	0.0	1.0	0.0	0.0	0.0	0.0	0.26153846153846155	0.0	0.0	0.0	0.4175824175824176	0.0	1.0	1.0	1.0	0.0	1.0	0.07767402376910017
2L	2360582	C	A	AGAP004707		n.148-1425C>A	False	4783	0.0	0.0	0.0	0.0	0.0	0.0	0.006734006734006734	0.0	0.16666666666666666	0.0	0.0	0.0	0.015384615384615384	0.0	0.0	0.0	0.005494505494505495	0.0	0.0	0.0	0.0	0.0	0.0	0.006366723259762309
2L	2360595	A	G	AGAP004707		n.148-1412A>G	False	4784	0.0	0.0	0.0	0.0	0.0	0.0	0.0	0.0	0.0	0.0	0.0	0.0	0.26153846153846155	0.0	0.0	0.0	0.4175824175824176	0.0	0.0	0.0	0.0	0.0	0.0	0.0466893039049236
2L	2360605	A	T	AGAP004707		n.148-1402A>T	False	4785	0.0	0.0	0.0	0.0	0.0	0.0	0.0	0.0	0.0	0.0	0.0	0.0	0.26153846153846155	0.0	0.0	0.0	0.4175824175824176	0.0	0.0	0.0	0.0	0.0	0.0	0.0466893039049236
2L	2360620	T	C	AGAP004707		n.148-1387T>C	False	4786	0.0	0.0	0.0	0.0	0.0	0.0	0.0	0.0	0.0	0.0	0.0	0.0	0.06923076923076923	0.0	0.0	0.0	0.01098901098901099	0.0	0.0	0.0	0.0	0.0	0.0	0.00466893039049236
2L	2360633	C	A	AGAP004707		n.148-1374C>A	False	4787	0.0	0.0	0.0	0.0	0.0	0.0	0.0	0.0	0.0	0.0	0.0	0.0	0.015384615384615384	0.0	0.0	0.0	0.005494505494505495	0.0	0.0	0.0	0.0	0.0	0.0	0.0012733446519524619
2L	2360644	G	T	AGAP004707		n.148-1363G>T	False	4788	0.01282051282051282	0.0	0.006666666666666667	0.0	0.0	0.0	0.0	0.0	0.08333333333333333	0.0	0.0	0.0	0.015384615384615384	0.0	0.0	0.1111111111111111	0.005494505494505495	0.0	0.0	0.0	0.0	0.0	0.0	0.00510204081632653
2L	2360682	T	C	AGAP004707		n.148-1325T>C	False	4789	0.0	0.0	0.0	0.0	0.0	0.0	0.0	0.0	0.0	0.0	0.0	0.0	0.12307692307692307	0.0	0.0	0.0	0.13186813186813187	0.0	0.0	0.0	0.0	0.0	0.0	0.01697792869269949
2L	2360719	A	C	AGAP004707		n.148-1288A>C	False	4790	0.0	0.0	0.0	0.0	0.0	0.0	0.0	0.0	0.0	0.0	0.0	0.0	0.0	0.0	0.0	0.0	0.016483516483516484	0.0	0.0	0.0	0.0	0.0	0.0	0.0012733446519524619
2L	2360741	C	T	AGAP004707		n.148-1266C>T	False	4791	0.11538461538461539	1.0	0.013333333333333334	0.0	0.007042253521126761	1.0	0.0	0.0	0.0	0.0	0.0	0.0	0.0	0.0	0.0	0.16666666666666666	0.01098901098901099	0.0	0.0	0.0	1.0	0.0	0.0	0.021222410865874362
2L	2360748	A	G	AGAP004707		n.148-1259A>G	False	4792	0.0	0.0	0.0	0.0	0.0	0.0	0.005050505050505051	0.0	0.0	0.0	0.0	0.0	0.0	0.0	0.0	0.0	0.0	0.0	0.0	0.0	0.0	0.0	0.0	0.0012733446519524619
2L	2360754	A	G	AGAP004707		n.148-1253A>G	False	4793	0.0	0.0	0.0	0.0	0.0	0.0	0.0	0.0	0.0	0.0	0.0	0.0	0.0	0.0	0.0	0.0	0.0	0.052083333333333336	0.0	0.0	0.0	0.0	0.0	0.0021222410865874364
2L	2360797	G	A	AGAP004707		n.148-1210G>A	False	4794	0.00641025641025641	0.0	0.006666666666666667	0.0	0.0	0.0	0.0	0.0	0.0	0.0	0.0	0.0	0.0	0.0	0.0	0.05555555555555555	0.005494505494505495	0.0	0.0	0.0	0.0	0.0	0.0	0.001697792869269949
2L	2360814	A	G	AGAP004707		n.148-1193A>G	False	4795	0.08974358974358974	0.0	0.0	0.0	0.0	0.0	0.0	1.0	0.0	0.0	0.0	0.0	0.0	0.0	0.0	0.0	0.0	0.0	0.0	0.0	0.0	0.0	0.0	0.00933786078098472
2L	2360821	A	C	AGAP004707		n.148-1186A>C	False	4796	0.0	0.0	0.0	0.0	0.0	0.0	0.008417508417508417	0.0	0.0	0.0	0.0	0.0	0.0	0.0	0.0	0.0	0.0	0.0	0.0	0.0	0.0	0.0	0.0	0.0021240441801189465
2L	2360822	A	T	AGAP004707		n.148-1185A>T	False	4797	0.0	0.0	0.0	0.0	0.0	0.0	0.0	0.0	0.0	0.0	0.0	0.0	0.007692307692307692	0.0	0.0	0.0	0.027472527472527472	0.0	0.0	0.0	0.0	0.0	0.0	0.002548853016142736
2L	2360842	T	C	AGAP004707		n.148-1165T>C	False	4798	0.0	0.0	0.0	0.0	0.0	0.0	0.0	0.0	0.0	0.0	0.0	0.0	0.0	0.0	0.0	0.0	0.016483516483516484	0.0	0.0	0.0	0.0	0.0	0.0	0.0012776831345826234
2L	2360863	T	A	AGAP004707		n.148-1144T>A	False	4799	0.0	0.0	0.0	0.0	0.0	0.0	0.0	0.0	0.0	0.0	0.0	0.0	0.0	0.0	0.0	0.0	0.06593406593406594	0.0	0.0	0.0	0.0	0.0	0.0	0.0050933786078098476
2L	2360897	T	G	AGAP004707		n.148-1110T>G	False	4800	0.0	0.0	0.0	0.0	0.0	0.0	0.0	0.0	0.0	0.0	0.0	0.0	0.007692307692307692	0.0	0.0	0.0	0.0	0.0	1.0	1.0	0.0	0.0	0.0	0.008920985556499575
2L	2360952	C	G	AGAP004707		n.148-1055C>G	False	4801	0.0	0.0	0.0	0.0	0.0	0.0	0.006734006734006734	0.0	0.0	0.0	0.0	0.0	0.1	0.0	0.0	0.1111111111111111	0.005494505494505495	0.0	0.0	0.0	0.0	0.0	0.0	0.008525149190110827
2L	2361117	A	T	AGAP004707		n.148-890A>T	False	4802	0.0	0.0	0.0	0.0	0.0	0.0	0.0016835016835016834	0.0	0.0	0.0	0.0	0.0	0.046153846153846156	0.0	0.0	0.0	0.027472527472527472	0.0	0.0	0.0	0.0	0.0	0.0	0.0050933786078098476
2L	2361134	C	T	AGAP004707		n.148-873C>T	False	4803	0.01282051282051282	0.0	0.006666666666666667	0.0	0.0	0.0	0.0	0.0	0.08333333333333333	0.0	0.0	0.0	0.015384615384615384	0.0	0.0	0.1111111111111111	0.005494505494505495	0.0	0.0	0.0	0.0	0.0	0.0	0.005136986301369863
2L	2361238	C	A	AGAP004707		n.148-769C>A	False	4804	0.0	0.0	0.0	0.0	0.0	0.0	0.0	0.0	0.0	0.0	0.0	0.0	0.26153846153846155	0.0	0.0	0.0	0.4175824175824176	0.0	0.0	0.0	0.0	0.0	0.0	0.0466893039049236
2L	2361291	T	A	AGAP004707		n.148-716T>A	False	4805	0.0	0.0	0.0	0.0	0.0	0.0	0.0	0.0	0.0	0.0	0.0	0.0	0.0	0.0	0.0	0.0	0.016483516483516484	0.0	0.0	0.0	0.0	0.0	0.0	0.0012733446519524619
2L	2361292	G	A	AGAP004707		n.148-715G>A	False	4806	0.01282051282051282	0.0	0.006666666666666667	0.0	0.0	0.0	0.0	0.0	0.0	0.0	0.0	0.0	0.015384615384615384	0.0	0.0	0.1111111111111111	0.005494505494505495	0.0	0.0	0.0	0.0	0.0	0.0	0.003395585738539898
2L	2361301	C	G	AGAP004707		n.148-706C>G	False	4807	0.0	0.0	0.0	0.0	0.0	0.0	0.0	0.0	0.0	0.0	0.0	0.0	0.007692307692307692	0.0	0.0	0.0	0.02197802197802198	0.0	0.0	0.0	0.0	0.0	0.0	0.0021222410865874364
2L	2361314	C	T	AGAP004707		n.148-693C>T	False	4808	0.0	0.0	0.0	0.0	0.0	0.0	0.016835016835016835	0.0	0.0	0.0	0.0	0.0	0.0	0.0	0.0	0.05555555555555555	0.005494505494505495	0.0	0.0	0.0	0.0	0.0	0.0	0.0050933786078098476
2L	2361318	A	G	AGAP004707		n.148-689A>G	False	4809	0.8397435897435898	0.0	0.8533333333333334	1.0	0.9014084507042254	0.0	1.0	0.0	0.9166666666666666	1.0	0.8181818181818182	1.0	0.5615384615384615	0.875	1.0	0.8333333333333334	0.2967032967032967	0.8125	0.0	0.0	0.0	1.0	0.0	0.8455008488964346
2L	2361376	G	A	AGAP004707		n.148-631G>A	False	4810	0.0	0.0	0.06	0.0	0.0	0.0	0.0	0.0	0.0	0.0	0.03636363636363636	0.0	0.0	0.0	0.0	0.0	0.0	0.0	0.0	0.0	0.0	0.0	0.0	0.0055178268251273345
2L	2361396	C	T	AGAP004707		n.148-611C>T	False	4811	0.8397435897435898	0.0	0.8533333333333334	1.0	0.9014084507042254	0.0	1.0	0.25	0.9166666666666666	1.0	0.8181818181818182	1.0	0.5615384615384615	0.875	1.0	0.8333333333333334	0.2967032967032967	0.8125	0.0	0.0	0.0	1.0	0.0	0.8463497453310697
2L	2361417	G	A	AGAP004707		n.148-590G>A	False	4812	0.0	0.0	0.006666666666666667	0.0	0.0	0.0	0.0	0.0	0.0	0.0	0.0	0.0	0.030769230769230767	0.0	0.0	0.0	0.016483516483516484	0.0	0.0	0.0	0.0	0.0	0.0	0.003401360544217687
2L	2361485	G	A	AGAP004707		n.148-522G>A	False	4813	0.0	0.0	0.0	0.0	0.0	0.0	0.0016835016835016834	0.0	0.0625	0.0	0.0	0.0	0.0	0.0	0.0	0.0	0.0	0.0	0.0	0.0	0.0	0.0	0.0	0.001697792869269949
2L	2361505	G	T	AGAP004707		n.148-502G>T	False	4814	0.0	0.0	0.0	0.0	0.0	0.0	0.0	0.0	0.0	0.0	0.13636363636363635	0.0	0.0	0.0	0.0	0.0	0.01098901098901099	0.0	0.0	0.0	0.0	0.0	0.0	0.007215619694397283
2L	2361568	T	G	AGAP004707		n.148-439T>G	False	4815	0.0	0.0	0.0	0.0	0.0	0.0	0.006734006734006734	0.0	0.0	0.0	0.0	0.0	0.0	0.0	0.0	0.0	0.0	0.0	0.0	0.0	0.0	0.0	0.0	0.001697792869269949
2L	2361755	G	C	AGAP004707		n.148-252G>C	False	4816	0.0	0.0	0.0	0.0	0.0	0.0	0.0	0.0	0.0	0.0	0.0	0.0	0.05384615384615385	0.0	0.0	0.0	0.0	0.0	0.0	0.0	0.0	0.0	0.0	0.0029711375212224107
2L	2361850	C	T	AGAP004707		n.148-157C>T	False	4817	0.0	0.0	0.0	0.0	0.0	0.0	0.0	0.0	0.0	0.0	0.0	0.0	0.26153846153846155	0.0	0.0	0.0	0.4175824175824176	0.010416666666666666	1.0	1.0	0.0	0.0	0.0	0.05560271646859083
2L	2361994	C	G	AGAP004707		n.148-13C>G	False	4818	0.0	0.0	0.0	0.0	0.0	0.0	0.0	0.0	0.0	0.0	0.0	0.0	0.007692307692307692	0.0	0.0	0.0	0.027472527472527472	0.0	0.0	0.0	0.0	0.0	0.0	0.0025466893039049238
2L	2362002	A	T	AGAP004707		n.148-5A>T	False	4819	0.0	0.0	0.02	0.0	0.0	0.0	0.0	0.0	0.0	0.0	0.0	0.0	0.0	0.0	0.0	0.0	0.0	0.0	0.0	0.0	0.0	0.0	0.0	0.0012733446519524619
2L	2362003	C	T	AGAP004707		n.148-4C>T	False	4820	0.0	0.0	0.02	0.0	0.0	0.0	0.0	0.0	0.0	0.0	0.0	0.0	0.0	0.0	0.0	0.0	0.0	0.0	0.0	0.0	0.0	0.0	0.0	0.0012733446519524619
2L	2362019	G	T	AGAP004707	p.Gly54Cys	n.160G>T	True	4821	0.0	0.0	0.02	0.0	0.0	0.0	0.0	0.0	0.0	0.0	0.0	0.0	0.0	0.0	0.0	0.0	0.0	0.0	0.0	0.0	0.0	0.0	0.0	0.001274426508071368
2L	2362168	T	A	AGAP004707		n.285+24T>A	False	4822	0.8910256410256411	1.0	0.9333333333333333	1.0	0.9084507042253521	1.0	0.9983164983164983	1.0	1.0	1.0	0.990909090909091	1.0	0.8692307692307693	0.875	1.0	1.0	0.8241758241758241	1.0	1.0	1.0	1.0	1.0	1.0	0.9609175870858114
2L	2362247	C	T	AGAP004707		n.285+103C>T	False	4823	0.0	0.0	0.0	0.0	0.0	0.0	0.0	0.0	0.0	0.0	0.0	0.0	0.0	0.0	0.0	0.0	0.016483516483516484	0.0	0.0	0.0	0.0	0.0	0.0	0.0012733446519524619
2L	2362259	C	G	AGAP004707		n.285+115C>G	False	4824	0.8397435897435898	0.0	0.8466666666666667	1.0	0.9014084507042254	0.0	0.09764309764309764	0.0	0.0	0.0	0.8181818181818182	1.0	0.061538461538461535	0.875	1.0	0.16666666666666666	0.054945054945054944	0.0	0.0	0.0	0.0	0.0	0.0	0.36201022146507666
2L	2362266	G	T	AGAP004707		n.285+122G>T	False	4825	0.0	0.0	0.0	0.0	0.0	0.0	0.0	0.0	0.0	0.0	0.0	0.0	0.007692307692307692	0.0	0.0	0.0	0.016483516483516484	0.0	0.0	0.0	0.0	0.0	0.0	0.0017035775127768314
2L	2362273	G	A	AGAP004707		n.285+129G>A	False	4826	0.0	0.0	0.0	0.0	0.0	0.0	0.0	1.0	0.0	0.0	0.0	0.0	0.0	0.0	0.0	0.0	0.016483516483516484	0.0	0.0	0.0	0.0	0.0	0.0	0.004684838160136286
2L	2362287	T	A	AGAP004707		n.285+143T>A	False	4827	0.0	0.0	0.0	0.0	0.0	0.0	0.0016835016835016834	0.0	0.0	0.0	0.0	0.0	0.046153846153846156	0.0	0.0	0.0	0.027472527472527472	0.0	0.0	0.0	0.0	0.0	0.0	0.005110732538330494
2L	2362293	T	G	AGAP004707		n.285+149T>G	False	4828	0.0	0.0	0.0	0.0	0.0	0.0	0.0	0.0	0.0	0.0	0.0	0.0	0.0	0.0	0.0	0.1111111111111111	0.0	0.0	1.0	1.0	0.0	0.0	0.0	0.009369676320272573
2L	2362303	A	C	AGAP004707		n.285+159A>C	False	4829	0.0	0.0	0.0	0.0	0.0	0.0	0.005050505050505051	0.0	0.0	0.0	0.0	0.0	0.0	0.0	0.0	0.0	0.0	0.0	0.0	0.0	0.0	0.0	0.0	0.0012755102040816326
2L	2362331	T	A	AGAP004707		n.285+187T>A	False	4830	0.0	0.0	0.0	0.0	0.0	0.0	0.0	0.0	0.0625	0.0	0.0	0.0	0.0	0.0	0.0	0.0	0.0	0.0	0.0	0.0	0.0	0.0	0.0	0.0012755102040816326
2L	2362368	C	T	AGAP004707		n.285+224C>T	False	4831	0.0	0.0	0.0	0.0	0.0	0.0	0.0	1.0	0.0	0.0	0.0	0.0	0.26153846153846155	0.0	0.0	0.0	0.4175824175824176	0.0	0.0	0.0	0.0	0.0	0.0	0.04948805460750853
2L	2362375	T	A	AGAP004707		n.285+231T>A	False	4832	0.0	0.0	0.0	0.0	0.0	0.0	0.18518518518518517	0.0	0.10416666666666667	0.0	0.0	0.0	0.09230769230769231	0.0	0.0	0.1111111111111111	0.054945054945054944	0.0	0.0	0.0	0.0	0.0	0.0	0.05899830220713073
2L	2362376	G	T	AGAP004707		n.285+232G>T	False	4833	0.0	0.0	0.0	0.0	0.0	0.0	0.0016835016835016834	0.0	0.0	0.0	0.0	0.0	0.0	0.0	0.0	0.0	0.0	0.0	0.0	0.0	0.0	0.0	1.0	0.008913412563667233
2L	2362380	A	C	AGAP004707		n.285+236A>C	False	4834	0.8397435897435898	0.0	0.8533333333333334	1.0	0.9014084507042254	0.0	0.11784511784511785	0.0	0.0	0.0	0.8181818181818182	1.0	0.061538461538461535	0.875	1.0	0.2222222222222222	0.07692307692307693	0.0	0.0	0.0	0.0	0.0	0.0	0.3684210526315789
2L	2362383	T	A	AGAP004707		n.285+239T>A	False	4835	0.0	0.0	0.0	0.0	0.0	0.0	0.0	0.0	0.0625	0.0	0.0	0.0	0.0	0.0	0.0	0.0	0.0	0.0	0.0	0.0	0.0	0.0	0.0	0.0012733446519524619
2L	2362387	G	A	AGAP004707		n.285+243G>A	False	4836	0.0	0.0	0.0	0.0	0.0	0.0	0.0	0.0	0.0	0.0	0.0	0.0	0.26153846153846155	0.0	0.0	0.0	0.4175824175824176	0.0	1.0	1.0	0.0	0.0	0.0	0.055178268251273345
2L	2362400	C	G	AGAP004707		n.285+256C>G	False	4837	0.01282051282051282	0.0	0.006666666666666667	0.0	0.0	0.0	0.0	1.0	0.0	0.0	0.0	0.0	0.015384615384615384	0.0	0.0	0.1111111111111111	0.005494505494505495	0.0	0.0	0.0	0.0	0.0	0.0	0.006796941376380629
2L	2362433	A	T	AGAP004707		n.285+289A>T	False	4838	0.038461538461538464	0.0	0.07333333333333333	0.0	0.007042253521126761	0.0	0.0	0.0	0.08333333333333333	0.0	0.17272727272727273	0.0	0.015384615384615384	0.0	0.0	0.16666666666666666	0.0989010989010989	0.1875	0.0	0.0	0.0	0.0	0.0	0.03480475382003396
2L	2362436	C	T	AGAP004707		n.285+292C>T	False	4839	0.0	0.0	0.0	0.0	0.0	0.0	0.0	0.0	0.0	0.0	0.0	0.0	0.26153846153846155	0.0	0.0	0.0	0.4175824175824176	0.0	0.0	0.0	0.0	0.0	0.0	0.0466893039049236
2L	2362455	A	G	AGAP004707		n.285+311A>G	False	4840	0.0	1.0	0.0	0.0	0.0	1.0	0.0	1.0	0.0	0.0	0.0	0.0	0.26153846153846155	0.0	0.0	0.0	0.4175824175824176	0.0	1.0	1.0	1.0	0.0	1.0	0.07724957555178268
2L	2366538	C	A	AGAP004707		n.285+4394C>A	False	4841	0.0	0.0	0.006666666666666667	0.0	0.0	0.0	0.0	0.0	0.0	0.0	0.0	0.0	0.0	0.0	0.0	0.1111111111111111	0.0	0.0	0.0	0.0	0.0	0.0	0.0	0.0012733446519524619
2L	2366540	G	C	AGAP004707		n.285+4396G>C	False	4842	0.0	0.0	0.006666666666666667	0.0	0.0	0.0	0.0	0.25	0.0	0.0	0.0	0.0	0.030769230769230767	0.0	0.0	0.0	0.016483516483516484	0.0	0.0	0.0	0.0	0.0	0.0	0.004244482173174873
2L	2366579	T	C	AGAP004707		n.285+4435T>C	False	4843	0.10897435897435898	0.0	0.0	0.0	0.0	0.0	0.0	0.0	0.0	0.0	0.0	0.0	0.0	0.0	0.0	0.0	0.0	0.0	0.0	0.0	0.0	0.0	0.0	0.007215619694397283
2L	2366584	A	T	AGAP004707		n.285+4440A>T	False	4844	0.0	1.0	0.0	0.0	0.0	1.0	0.0		0.0	0.0	0.0	0.0	0.26153846153846155	0.0	0.0	0.0	0.4175824175824176	0.0	1.0	1.0	1.0	0.0	1.0	0.07410562180579217
2L	2366590	A	T	AGAP004707		n.285+4446A>T	False	4845	0.0	1.0	0.0	0.0	0.0	1.0	0.0016835016835016834	1.0	0.0	0.0	0.0	0.0	0.0	0.0	0.0	0.0	0.0	0.0	1.0	1.0	1.0	0.0	0.0	0.021665250637213255
2L	2366598	T	C	AGAP004707		n.285+4454T>C	False	4846	0.0	0.0	0.0	0.0	0.0	0.0	0.016835016835016835	0.0	0.0	0.0	0.0	0.0	0.0	0.0	0.0	0.05555555555555555	0.005494505494505495	0.0	0.0	0.0	0.0	0.0	0.0	0.005106382978723404
2L	2366601	C	T	AGAP004707		n.285+4457C>T	False	4847	0.0	0.0	0.0	0.0	0.0	0.0	0.0	0.0	0.0	0.0	0.0	0.0	0.0	0.0	0.0	0.0	0.04945054945054945	0.0	0.0	0.0	0.0	0.0	0.0	0.003829787234042553
2L	2366610	A	G	AGAP004707		n.285+4466A>G	False	4848	0.0	1.0	0.0	0.0	0.0	1.0	0.0	1.0	0.0	0.0	0.0	0.0	0.0	0.0	0.0	0.0	0.005494505494505495	0.0	1.0	1.0	1.0	0.0	1.0	0.02851063829787234
2L	2375678	T	A	AGAP004707		n.286-5387T>A	False	4849	0.0	0.0	0.0	0.0	0.0	0.0	0.0	0.0	0.0	0.0	0.0	0.0	0.0	0.0	0.0	0.0	0.005494505494505495	0.0	1.0	1.0	0.0	0.0	0.0	0.008974358974358974
2L	2375679	G	A	AGAP004707		n.286-5386G>A	False	4850	0.0	0.0	0.0	0.0	0.0	0.0	0.0016835016835016834	0.0	0.0	0.0	0.0	0.0	0.0	0.0	0.0	0.0	0.0	0.0	1.0	1.0	0.0	0.0	0.0	0.008974358974358974
2L	2375691	A	G	AGAP004707		n.286-5374A>G	False	4851	0.0	0.0	0.0	0.0	0.0	0.0	0.0	1.0	0.0	0.0	0.0	0.0	0.0	0.0	0.0	0.0	0.027472527472527472	0.0	1.0	1.0	0.0	0.0	0.0	0.013270547945205479
2L	2377014	A	T	AGAP004707		n.286-4051A>T	False	4852	0.00641025641025641	0.0	0.0	0.0	0.0	0.0	0.0	0.0	0.0	0.0	0.0	0.0	0.007692307692307692	0.0	0.0	0.0	0.005494505494505495	0.0	1.0	1.0	0.0	0.0	0.0	0.00978723404255319
2L	2377020	A	T	AGAP004707		n.286-4045A>T	False	4853	0.0	0.0	0.0	0.0	0.0	0.0	0.0	1.0	0.0	0.0	0.0	0.0	0.0	0.0	0.0	0.0	0.005494505494505495	0.0	1.0	1.0	0.0	0.0	1.0	0.01829787234042553
2L	2380982	T	C	AGAP004707		n.286-83T>C	False	4854	0.0	0.0	0.0	0.0	0.0	0.0	0.050505050505050504	0.0	0.0	0.0	0.0	0.0	0.2	0.0	0.0	0.05555555555555555	0.08241758241758242	0.052083333333333336	0.0	0.0	0.0	0.5267857142857143	0.0	0.08297872340425531
2L	2380997	T	A	AGAP004707		n.286-68T>A	False	4855	0.0	0.0	0.006666666666666667	0.0	0.0	0.0	0.0	0.0	0.0	0.0	0.0	0.0	0.030769230769230767	0.0	0.0	0.0	0.016483516483516484	0.0	0.0	0.0	0.0	0.0	0.0	0.003404255319148936
2L	2381133	T	G	AGAP004707	p.Leu118Leu	n.354T>G	False	4856	0.0	0.0	0.0	0.0	0.0	0.0	0.0	0.0	0.0	0.0	0.0	0.0	0.05384615384615385	0.0	0.0	0.05555555555555555	0.01098901098901099	0.0	0.0	0.0	0.0	0.0	0.0	0.004244482173174873
2L	2381154	C	T	AGAP004707	p.Arg125Arg	n.375C>T	False	4857	0.0	0.0	0.0	0.0	0.0	0.0	0.0	0.0	0.0	0.0	0.0	0.0	0.05384615384615385	0.0	0.0	0.05555555555555555	0.01098901098901099	0.0	0.0	0.0	0.0	0.0	0.0	0.004244482173174873
2L	2381229	A	T	AGAP004707	p.Ile150Ile	n.450A>T	False	4858	0.0	0.0	0.0	0.0	0.0	0.0	0.0	0.0	0.0625	0.0	0.0	0.0	0.0	0.0	0.0	0.0	0.0	0.010416666666666666	0.0	0.0	0.0	0.0	0.0	0.001697792869269949
2L	2381284	A	T	AGAP004707		n.491+14A>T	False	4859	0.0	0.0	0.0	0.0	0.0	0.0	0.0	0.0	0.0	0.0	0.0	0.0	0.26153846153846155	0.0	0.0	0.0	0.4065934065934066	0.0	1.0	1.0	0.0	0.0	0.0	0.05437553101104503
2L	2381296	G	A	AGAP004707		n.491+26G>A	False	4860	0.0	0.0	0.0	0.0	0.0	0.0	0.0	0.0	0.0	0.0	0.0	0.0	0.26153846153846155	0.0	0.0	0.0	0.4065934065934066	0.0	0.0	0.0	0.0	0.0	0.0	0.045879354290569246
2L	2381305	G	A	AGAP004707		n.491+35G>A	False	4861	0.0	0.0	0.0	0.0	0.0	0.0	0.013468013468013467	0.0	0.0	0.6594202898550725	0.0	0.0	0.0	0.0	0.0	0.1111111111111111	0.0	0.0	0.0	0.0	0.0	0.0	0.0	0.042869269949066216
2L	2381386	A	G	AGAP004707		n.491+116A>G	False	4862	0.8397435897435898	0.0	0.8533333333333334	1.0	0.9014084507042254	0.0	1.0	0.0	0.9166666666666666	1.0	0.8181818181818182	1.0	0.5615384615384615	0.875	1.0	0.8333333333333334	0.2967032967032967	0.8125	0.0	0.0	0.0	1.0	0.0	0.8462192013593883
2L	2381412	G	T	AGAP004707		n.491+142G>T	False	4863	0.0	0.0	0.0	0.0	0.0	0.0	0.8821548821548821	0.0	0.9166666666666666	1.0	0.0	0.0	0.5	0.0	0.0	0.6111111111111112	0.21428571428571427	0.8125	0.0	0.0	0.0	1.0	0.0	0.47746598639455784
2L	2381421	A	G	AGAP004707		n.491+151A>G	False	4864	0.0	0.0	0.0	0.0	0.0	0.0	0.0	0.0	0.08333333333333333	0.0	0.0	0.0	0.0	0.0	0.0	0.0	0.0	0.0	0.0	0.0	0.0	0.0	0.0	0.0017006802721088435
2L	2381566	T	C	AGAP004707		n.491+296T>C	False	4865	0.0	0.0	0.0	0.0	0.0	0.0	0.005050505050505051	1.0	0.0	0.0	0.0	0.0	0.0	0.0	0.0	0.0	0.0	0.0	0.0	0.0	0.0	0.0	0.0	0.00467687074829932
2L	2381610	T	A	AGAP004707		n.491+340T>A	False	4866	0.0	0.0	0.0	0.0	0.0	0.0	0.0016835016835016834	0.0	0.16666666666666666	0.0	0.0	0.0	0.015384615384615384	0.0	0.0	0.0	0.005494505494505495	0.0	0.0	0.0	0.0	0.0	0.0	0.0050933786078098476
2L	2381659	G	A	AGAP004707		n.491+389G>A	False	4867	0.0	0.0	0.0	0.0	0.0	0.0	0.0	1.0	0.0	0.0	0.0	0.0	0.26153846153846155	0.0	0.0	0.0	0.4065934065934066	0.0	0.0	0.0	0.0	0.0	1.0	0.057724957555178265
2L	2381671	A	T	AGAP004707		n.491+401A>T	False	4868	0.01282051282051282	0.0	0.0	0.0	0.0	0.0	0.0	0.0	0.0	0.0	0.0	0.0	0.0	0.0	0.0	0.1111111111111111	0.0	0.0	0.0	0.0	0.0	0.0	0.0	0.001697792869269949
2L	2381706	A	G	AGAP004707		n.491+436A>G	False	4869	0.0	0.0	0.0	0.0	0.0	0.0	0.3164983164983165	0.0	0.0	0.21014492753623187	0.0	0.0	0.0	0.0	0.0	0.0	0.0	0.0	0.0	0.0	0.0	0.0	0.0	0.09210526315789473
2L	2381714	C	G	AGAP004707		n.491+444C>G	False	4870	0.0	0.0	0.0	0.0	0.0	0.0	0.0	0.0	0.0	0.0	0.0	0.0	0.0	0.0	0.0	0.0	0.06593406593406594	0.0	0.0	0.0	0.0	0.0	0.0	0.0050933786078098476
2L	2381742	T	A	AGAP004707		n.491+472T>A	False	4871	0.09615384615384616	0.0	0.0	0.0	0.0	0.0	0.0	0.0	0.0	0.0	0.0	0.0	0.0	0.0	0.0	0.0	0.0	0.0	0.0	0.0	0.0	0.0	0.0	0.006366723259762309
2L	2381754	A	G	AGAP004707		n.491+484A>G	False	4872	0.0	0.0	0.0	0.0	0.0	0.0	0.0	0.0	0.0	0.0	0.0	0.0	0.26153846153846155	0.0	0.0	0.0	0.4065934065934066	0.0	0.0	0.0	0.0	0.0	0.0	0.04584040747028863
2L	2381760	T	C	AGAP004707		n.491+490T>C	False	4873	0.0	0.0	0.0	0.0	0.0	0.0	0.0	0.0	0.08333333333333333	0.0	0.0	0.0	0.0	0.0	0.0	0.0	0.0	0.0	0.0	0.0	0.0	0.0	0.0	0.001697792869269949
2L	2381767	T	A	AGAP004707		n.491+497T>A	False	4874	0.0	0.0	0.0	0.0	0.0	0.0	0.0	0.0	0.0	0.0	0.00909090909090909	0.0	0.0	0.0	0.0	0.0	0.01098901098901099	0.0	0.0	0.0	0.0	0.0	0.0	0.0012733446519524619
2L	2381775	C	T	AGAP004707		n.492-495C>T	False	4875	0.0	0.0	0.0	0.0	0.0	0.0	0.04882154882154882	0.0	0.0	0.0	0.0	0.0	0.2	0.0	0.0	0.05555555555555555	0.08241758241758242	0.052083333333333336	1.0	1.0	0.0	0.5267857142857143	0.0	0.09083191850594227
2L	2381816	A	G	AGAP004707		n.492-454A>G	False	4876	0.0	0.0	0.0	0.0	0.0	0.0	0.006734006734006734	0.0	0.16666666666666666	0.0	0.0	0.0	0.015384615384615384	0.0	0.0	0.0	0.005494505494505495	0.0	0.0	0.0	0.0	0.0	0.0	0.006366723259762309
2L	2381836	T	C	AGAP004707		n.492-434T>C	False	4877	0.0	0.0	0.0	0.0	0.0	0.0	0.0	1.0	0.0	0.0	0.0	0.0	0.05384615384615385	0.0	0.0	0.05555555555555555	0.01098901098901099	0.0	0.0	0.0	0.0	0.0	0.0	0.007640067911714771
2L	2381839	A	T	AGAP004707		n.492-431A>T	False	4878	0.0	0.0	0.0	0.0	0.0	0.0	0.013468013468013467	0.0	0.0	0.0	0.0	0.0	0.007692307692307692	0.0	0.0	0.05555555555555555	0.0	0.0	0.0	0.0	0.0	0.0	0.0	0.00425531914893617
2L	2381865	C	G	AGAP004707		n.492-405C>G	False	4879	0.0	0.0	0.0	0.0	0.0	0.0	0.006734006734006734	0.0	0.0	0.0	0.0	0.0	0.0	0.0	0.0	0.0	0.016483516483516484	0.0	0.0	0.0	0.0	0.0	0.0	0.002973661852166525
2L	2381885	T	G	AGAP004707		n.492-385T>G	False	4880	0.0	0.0	0.0	0.0	0.0	0.0	0.0	0.0	0.0	0.0	0.0	0.0	0.015384615384615384	0.0	0.0	0.0	0.005494505494505495	0.0	0.0	0.0	0.0	0.0	0.0	0.0012733446519524619
2L	2381891	G	T	AGAP004707		n.492-379G>T	False	4881	0.0	0.125	0.0	0.005434782608695652	0.0	0.0	0.04713804713804714	0.0	0.0	0.0	0.0	0.0	0.15384615384615385	0.0	0.0	0.05555555555555555	0.054945054945054944	0.052083333333333336	1.0	1.0	0.0	0.5267857142857143	0.0	0.0865874363327674
2L	2381963	C	G	AGAP004707		n.492-307C>G	False	4882	0.0	0.0	0.0	0.0	0.0	0.0	0.013468013468013467	0.0	0.0	0.6594202898550725	0.0	0.0	0.0	0.0	0.0	0.1111111111111111	0.0	0.0	0.0	0.0	0.0	0.0	0.0	0.042869269949066216
2L	2381966	A	T	AGAP004707		n.492-304A>T	False	4883	0.8397435897435898	0.0	0.8533333333333334	1.0	0.9014084507042254	0.0	1.0	0.0	0.9166666666666666	1.0	0.8181818181818182	1.0	0.5615384615384615	0.875	1.0	0.8333333333333334	0.2967032967032967	0.8125	0.0	0.0	0.0	1.0	0.0	0.8455008488964346
2L	2381969	T	G	AGAP004707		n.492-301T>G	False	4884	0.8397435897435898		0.8533333333333334	1.0	0.9014084507042254	0.0	0.20707070707070707	0.0	0.0	0.0	0.8181818181818182	1.0	0.07692307692307693	0.875	1.0	0.3888888888888889	0.08791208791208792	0.7604166666666666	0.0	0.0		0.4732142857142857	0.0	0.47429305912596403
2L	2381971	C	G	AGAP004707		n.492-299C>G	False	4885	0.8397435897435898		0.8533333333333334	1.0	0.9014084507042254	0.0	0.20707070707070707	0.0	0.0	0.0	0.8181818181818182	1.0	0.07692307692307693	0.875	1.0	0.3888888888888889	0.08791208791208792	0.7604166666666666	0.0	0.0		0.4732142857142857	0.0	0.47429305912596403
2L	2381985	C	A	AGAP004707		n.492-285C>A	False	4886	0.0		0.0	0.0	0.0	0.0	0.003367003367003367	1.0	0.0	0.0	0.0	0.0	0.0	0.0	0.0	0.0	0.0	0.0	0.0	0.0		0.0	0.0	0.004317789291882556
2L	2382009	A	G	AGAP004707		n.492-261A>G	False	4887	0.0	0.0	0.06	0.0	0.0	0.0	0.0	0.0	0.0	0.0	0.03636363636363636	0.0	0.0	0.0	0.0	0.0	0.06593406593406594	0.1875	0.0	0.0	0.0	0.0	0.0	0.01826677994902294
2L	2382010	T	A	AGAP004707		n.492-260T>A	False	4888	0.00641025641025641	0.0	0.006666666666666667	0.0	0.0	0.0	0.0	0.0	0.0	0.0	0.0	0.0	0.0	0.0	0.0	0.05555555555555555	0.0	0.0	0.0	0.0	0.0	0.0	0.0	0.001274426508071368
2L	2382023	A	T	AGAP004707		n.492-247A>T	False	4889	0.1282051282051282	0.0	0.08	0.0	0.09859154929577464	0.0	0.0	0.0	0.0	0.0	0.01818181818181818	0.0	0.16923076923076924	0.125	0.0	0.1111111111111111	0.2032967032967033	0.0	0.0	0.0	0.0	0.0	0.0	0.04672897196261682
2L	2382084	C	T	AGAP004707		n.492-186C>T	False	4890	0.8397435897435898	0.0	0.8533333333333334	1.0	0.9014084507042254	0.0	1.0	0.0	0.9166666666666666	1.0	0.8181818181818182	1.0	0.5615384615384615	0.875	1.0	0.8333333333333334	0.2967032967032967	0.8125	1.0	1.0	0.0	1.0	0.0	0.8539898132427843
2L	2382088	T	A	AGAP004707		n.492-182T>A	False	4891	0.01282051282051282	0.0	0.0	0.0	0.0	0.0	0.0	1.0	0.0	0.0	0.0	0.0	0.0	0.0	0.0	0.1111111111111111	0.0	0.0	0.0	0.0	0.0	0.0	0.0	0.0050933786078098476
2L	2382090	C	G	AGAP004707		n.492-180C>G	False	4892	0.0	0.0	0.0	0.0	0.0	0.0	0.0	0.0	0.0	0.0	0.0	0.0	0.007692307692307692	0.0	0.0	0.0	0.005494505494505495	0.0	1.0	1.0	0.0	0.0	0.0	0.00933786078098472
2L	2382098	C	G	AGAP004707		n.492-172C>G	False	4893	0.019230769230769232	0.0	0.0	0.0	0.0	0.0	0.0	1.0	0.0	0.0	0.0	0.0	0.0	0.0	0.0	0.0	0.0	0.0	0.0	0.0	0.0	0.0	0.0	0.00466893039049236
2L	2382113	C	A	AGAP004707		n.492-157C>A	False	4894	0.0	0.0	0.0	0.0	0.0	0.0	0.04882154882154882	1.0	0.0	0.0	0.0	0.0	0.2	0.0	0.0	0.05555555555555555	0.08241758241758242	0.052083333333333336	0.0	0.0	0.0	0.5267857142857143	1.0	0.09430756159728122
2L	2382116	C	T	AGAP004707		n.492-154C>T	False	4895	0.0	0.0	0.0	0.0	0.0	0.0	0.0	1.0	0.0	0.0	0.0	0.0	0.0	0.0	0.0	0.0	0.005494505494505495	0.0	0.0	0.0	0.0	0.0	0.0	0.003826530612244898
2L	2382117	G	A	AGAP004707		n.492-153G>A	False	4896	0.0	0.0	0.0	0.0	0.0	0.0	0.025252525252525252	0.0	0.0	0.0	0.0	0.0	0.0	0.0	0.0	0.0	0.0	0.0	0.0	0.0	0.0	0.0	0.0	0.006377551020408163
2L	2382119	C	T	AGAP004707		n.492-151C>T	False	4897	0.0	0.0	0.0	0.0	0.0	0.0	0.006734006734006734	1.0	0.0	0.0	0.0	0.0	0.0	0.0	0.0	0.0	0.0	0.0	0.0	0.0	0.0	0.0	0.0	0.00510204081632653
2L	2382129	C	T	AGAP004707		n.492-141C>T	False	4898	0.0	0.0	0.0	0.0	0.0	0.0	0.003367003367003367	1.0	0.0	0.0	0.0	0.0	0.0	0.0	0.0	0.0	0.0	0.0	0.0	0.0	0.0	0.0	0.0	0.004251700680272109
2L	2382137	G	T	AGAP004707		n.492-133G>T	False	4899	0.01282051282051282	0.0	0.0	0.0	0.0	0.0	0.0	1.0	0.0	0.0	0.0	0.0	0.0	0.0	0.0	0.0	0.0	0.0	0.0	0.0	0.0	0.0	0.0	0.004244482173174873
2L	2382221	C	A	AGAP004707		n.492-49C>A	False	4900	0.0	0.0	0.0	0.0	0.0	0.0	0.006734006734006734	0.0	0.16666666666666666	0.0	0.0	0.0	0.015384615384615384	0.0	0.0	0.0	0.005494505494505495	0.0	0.0	0.0	0.0	0.0	0.0	0.006366723259762309
2L	2382231	C	T	AGAP004707		n.492-39C>T	False	4901	0.0	0.0	0.0	0.0	0.0	0.0	0.0	0.0	0.0	0.0	0.0	0.0	0.0	0.0	0.0	0.0	0.0	0.7604166666666666	0.0	0.0	0.0	0.4732142857142857	0.0	0.07597623089983022
2L	2382233	C	G	AGAP004707		n.492-37C>G	False	4902	0.0	0.0	0.0	0.0	0.0	0.0	0.0	0.0	0.0	0.0	0.0	0.0	0.26153846153846155	0.0	0.0	0.0	0.4175824175824176	0.0	0.0	0.0	0.0	0.0	0.0	0.0466893039049236
2L	2382236	A	T	AGAP004707		n.492-34A>T	False	4903	0.0	0.0	0.0	0.0	0.0	0.0	0.04882154882154882	0.0	0.0	0.0	0.0	0.0	0.2076923076923077	0.0	0.0	0.05555555555555555	0.08241758241758242	0.052083333333333336	0.0	0.0	0.0	0.5267857142857143	0.0	0.08276740237691002
2L	2382263	A	G	AGAP004707		n.492-7A>G	False	4904	0.00641025641025641	0.0	0.0	0.0	0.0	0.0	0.0	0.0	0.0	0.0	0.0	0.0	0.0	0.0	0.0	0.0	0.0	0.7604166666666666	0.0	0.0	0.0	0.4732142857142857	0.0	0.07646559048428207
2L	2382425	A	T	AGAP004707		n.620+27A>T	False	4905	0.0	0.0	0.0	0.005434782608695652	0.0	0.0	0.0	1.0	0.0	0.0	0.0	0.0	0.0	0.0	0.0	0.0	0.0	0.0	1.0	1.0	0.0	0.0	0.0	0.011469838572642312
2L	2382454	C	A	AGAP004707		n.620+56C>A	False	4906	0.0	0.0	0.0	0.0	0.0	0.0	0.04882154882154882	0.0	0.0	0.0	0.0	0.0	0.2	0.0	0.0	0.05555555555555555	0.08241758241758242	0.052083333333333336	1.0	1.0	0.0	0.5267857142857143	0.0	0.09090909090909091
2L	2382522	G	A	AGAP004707		n.620+124G>A	False	4907	0.00641025641025641	0.0	0.0	0.0	0.0	0.0	0.0	0.0	0.0	0.0	0.0	0.0	0.007692307692307692	0.0	0.0	0.0	0.005494505494505495	0.0	0.0	0.0	0.0	0.0	0.0	0.0012733446519524619
2L	2382525	A	G	AGAP004707		n.620+127A>G	False	4908	0.0	0.0	0.0	0.0	0.0	0.0	0.0	0.0	0.0	0.0	0.0	0.0	0.26153846153846155	0.0	0.0	0.0	0.4175824175824176	0.0	0.0	0.0	0.0	0.0	0.0	0.0466893039049236
2L	2382526	A	T	AGAP004707		n.620+128A>T	False	4909	0.0	0.0	0.0	0.0	0.0	0.0	0.0	0.0	0.0	0.0	0.0	0.0	0.26153846153846155	0.0	0.0	0.0	0.4175824175824176	0.0	0.0	0.0	0.0	0.0	0.0	0.0466893039049236
2L	2382536	C	T	AGAP004707		n.620+138C>T	False	4910	0.0	0.0	0.0	0.0	0.0	0.0	0.0	0.0	0.0	0.0	0.0	0.0	0.0	0.0	0.0	0.0	0.016483516483516484	0.0	0.0	0.0	0.0	0.0	0.0	0.0012733446519524619
2L	2382549	A	G	AGAP004707		n.620+151A>G	False	4911	0.0	0.0	0.0	0.0	0.0	0.0	0.005050505050505051	0.0	0.0	0.0	0.0	0.0	0.0	0.0	0.0	0.0	0.0	0.0	0.0	0.0	0.0	0.0	0.0	0.0012733446519524619
2L	2389154	C	T	AGAP004707		n.713-975C>T	False	4912	0.0	0.0	0.0	0.0	0.0	0.0	0.0	0.0	0.0	0.0	0.0	0.0	0.0	0.0	0.0	0.0	0.06043956043956044	0.0	0.0	0.0	0.0	0.0	0.0	0.004704875962360992
2L	2389215	G	A	AGAP004707		n.713-914G>A	False	4913	0.0	0.0	0.0	0.0	0.0	0.0	0.0	0.0	0.0	0.0	0.0	0.0	0.2	0.0	0.0	0.0	0.18681318681318682	0.0	0.0	0.0	0.0	0.0	0.15	0.026785714285714284
2L	2389227	G	C	AGAP004707		n.713-902G>C	False	4914	0.00641025641025641	0.0	0.006666666666666667	0.0	0.0	0.0	0.0	0.0	0.0	0.0	0.0	0.0	0.0	0.0	0.0	0.05555555555555555	0.016483516483516484	0.0	0.0	0.0	0.0	0.0	0.0	0.002553191489361702
2L	2390069	A	G	AGAP004707		n.713-60A>G	False	4915	0.0	0.0	0.04666666666666667	0.0	0.0	0.0	0.0	0.125	0.0	0.0	0.00909090909090909	0.0	0.0	0.0	0.0	0.0	0.0	0.0	0.0	0.0	0.0	0.0	0.0	0.0038200339558573855
2L	2390070	T	A	AGAP004707		n.713-59T>A	False	4916	0.0	0.0	0.006666666666666667	0.0	0.0	0.0	0.0	0.0	0.0	0.0	0.0	0.0	0.030769230769230767	0.0	0.0	0.0	0.016483516483516484	0.0	0.0	0.0	0.0	0.0	0.0	0.003395585738539898
2L	2390110	G	A	AGAP004707		n.713-19G>A	False	4917	0.0	0.0	0.0	0.0	0.0	0.0	0.0	0.0	0.0	0.0	0.0	0.0	0.0	0.0	0.0	0.0	0.0	0.0	1.0	1.0	0.0	0.004464285714285714	0.0	0.008913412563667233
2L	2390130	C	T	AGAP004707	p.Gly238Gly	n.714C>T	False	4918	0.0	0.0	0.0	0.0	0.0	0.0	0.0	0.0	0.0	0.0	0.0	0.0	0.26153846153846155	0.0	0.0	0.0	0.4230769230769231	0.0	0.0	0.0	0.0	0.0	0.0	0.04711375212224109
2L	2390151	C	T	AGAP004707	p.Ala245Ala	n.735C>T	False	4919	0.9807692307692307	1.0	0.94	1.0	1.0	1.0	1.0	1.0	1.0	1.0	0.9545454545454546	1.0	1.0	1.0	1.0	1.0	0.9285714285714286	0.8020833333333334	1.0	1.0	1.0	1.0	1.0	0.9792020373514432
2L	2390177	G	A	AGAP004707	p.Arg254Lys	n.761G>A	True	4920	0.0	0.0	0.0	0.0	0.0	0.0	0.31313131313131315	0.0	0.0	0.2028985507246377	0.00909090909090909	0.0	0.0	0.0	0.0	0.0	0.0	0.0	0.0	0.0	0.0	0.0	0.0	0.09125636672325976
2L	2390205	G	C	AGAP004707	p.Ser263Ser	n.789G>C	False	4921	0.0	0.0	0.0	0.0	0.0	0.0	0.0016835016835016834	0.0	0.0	0.0	0.0	0.0	0.015384615384615384	0.0	0.0	0.0	0.0	0.0	0.0	0.0	0.0	0.0	0.0	0.0012733446519524619
2L	2390310	C	T	AGAP004707	p.Asp298Asp	n.894C>T	False	4922	0.0	0.0	0.0	0.0	0.0	0.0	0.006734006734006734	0.0	0.0	0.0	0.0	0.0	0.0	0.0	0.0	0.0	0.0	0.0	0.0	0.0	0.0	0.0	1.0	0.010186757215619695
2L	2390356	C	G	AGAP004707		n.925+15C>G	False	4923	0.0	0.0	0.0	0.0	0.0	0.0	0.0	0.0	0.0	0.0	0.0	0.0	0.26153846153846155	0.0	0.0	0.0	0.4230769230769231	0.0	0.0	0.0	0.0	0.0	0.0	0.04711375212224109
2L	2390357	A	T	AGAP004707		n.925+16A>T	False	4924	0.0	0.0	0.0	0.0	0.0	0.0	0.0	0.0	0.0	0.0	0.0	0.0	0.26153846153846155	0.0	0.0	0.0	0.4230769230769231	0.0	0.0	0.0	0.0	0.0	0.0	0.04711375212224109
2L	2390370	A	T	AGAP004707		n.925+29A>T	False	4925	0.0	0.0	0.07333333333333333	0.0	0.09154929577464789	0.0	0.0	0.0	0.0	0.0	0.13636363636363635	0.0	0.13076923076923078	0.125	0.0	0.0	0.17032967032967034	0.0	0.0	0.0	0.0	0.0	0.0	0.03741496598639456
2L	2390372	A	C	AGAP004707		n.925+31A>C	False	4926	0.0	0.0	0.0	0.0	0.0	0.0	0.0	0.0	0.0	0.0	0.0	0.0	0.26153846153846155	0.0	0.0	0.0	0.4230769230769231	0.0	0.0	0.0	0.0	0.0	0.0	0.04723404255319149
2L	2390395	T	A	AGAP004707		n.926-30T>A	False	4927	0.0	0.0	0.0	0.0	0.0	0.0	0.050505050505050504	0.0	0.0	0.0	0.0	0.0	0.2	0.0	0.0	0.05555555555555555	0.08241758241758242	0.052083333333333336	0.0	0.0	0.0	0.5267857142857143	0.0	0.08276740237691002
2L	2390448	G	A	AGAP004707	p.Gly317Ser	n.949G>A	True	4928	0.0	0.0	0.0	0.0	0.0	0.0	0.010101010101010102	0.0	0.0	0.0	0.0	0.0	0.0	0.0	0.0	0.0	0.0	0.0	0.0	0.0	0.0	0.0	0.0	0.0025466893039049238
2L	2390462	T	C	AGAP004707	p.Leu321Leu	n.963T>C	False	4929	0.0	0.0	0.0	0.0	0.0	0.0	0.011784511784511785	0.0	0.0	0.0	0.0	0.0	0.09230769230769231	0.0	0.0	0.0	0.054945054945054944	0.0	0.0	0.0	0.0	0.0	0.0	0.012340425531914894
2L	2390496	C	A	AGAP004707		n.986+11C>A	False	4930	0.12179487179487179	0.0	0.006666666666666667	0.0	0.007042253521126761	0.0	0.0	1.0	0.08333333333333333	0.0	0.0	0.0	0.007692307692307692	0.0	0.0	0.05555555555555555	0.02197802197802198	0.0	0.0	0.0	0.0	0.0	0.0	0.01656754460492778
2L	2390501	C	A	AGAP004707		n.986+16C>A	False	4931	0.0	0.0	0.0	0.0	0.0	0.0	0.0	0.0	0.0	0.0	0.0	0.0	0.26153846153846155	0.0	0.0	0.0	0.4230769230769231	0.0	0.0	0.0	0.0	0.0	0.0	0.04715378079864061
2L	2390569	A	G	AGAP004707		n.987-25A>G	False	4932	0.0	0.0	0.0	0.0	0.0	0.0	0.0	0.0	0.0	0.0	0.0	0.0	0.26153846153846155	0.0	0.0	0.0	0.4230769230769231	0.0	0.0	0.0	0.0	0.0	0.0	0.04711375212224109
2L	2391875	A	T	AGAP004707		n.1296+555A>T	False	4933	0.0	0.0	0.0	0.0	0.0	0.0	0.005050505050505051	0.0	0.0	0.0	0.0	0.0	0.0	0.0	0.0	0.0	0.0	0.0	0.0	0.0	0.0	0.0	0.0	0.0012733446519524619
2L	2392168	C	T	AGAP004707		n.1296+848C>T	False	4934	0.019230769230769232	0.0	0.0	0.0	0.0	0.0	0.0	0.0	0.0	0.0	0.0	0.0	0.0	0.0	0.0	0.0	0.0	0.0	0.0	0.0	0.0	0.0	0.0	0.0012755102040816326
2L	2392177	T	C	AGAP004707		n.1296+857T>C	False	4935	0.0	1.0	0.0	0.0	0.0	1.0	0.0	1.0	0.0	0.0	0.0	0.0	0.26153846153846155	0.0	0.0	0.0	0.41208791208791207	0.0	1.0	1.0	1.0	0.0	1.0	0.07604078164825828
2L	2392183	C	T	AGAP004707		n.1296+863C>T	False	4936	0.0	0.0	0.0	0.0	0.0	0.0	0.0	0.0	0.0	0.0	0.0	0.0	0.0	0.0	0.0	0.0	0.016483516483516484	0.0	0.0	0.0	0.0	0.0	0.0	0.001274426508071368
2L	2392225	T	A	AGAP004707		n.1296+905T>A	False	4937	0.0	0.0	0.0	0.0	0.0	0.0	0.0	0.0	0.0	0.0	0.0	0.0	0.007692307692307692	0.0	0.0	0.0	0.027472527472527472	0.0	0.0	0.0	0.0	0.0	0.0	0.0025466893039049238
2L	2399703	T	A	AGAP004707		n.1297-195T>A	False	4938	0.8653846153846154	1.0	0.8533333333333334	1.0	0.9014084507042254	1.0	1.0	1.0	1.0	1.0	0.8181818181818182	1.0	0.7307692307692307	0.875	1.0	0.8333333333333334	0.4835164835164835	0.8125	1.0	1.0	1.0	1.0	1.0	0.9032258064516129
2L	2399732	G	A	AGAP004707		n.1297-166G>A	False	4939	0.8397435897435898	0.0	0.8533333333333334	1.0	0.9014084507042254	0.0	1.0	0.0	0.9166666666666666	1.0	0.8181818181818182	1.0	0.5538461538461539	0.875	1.0	0.8333333333333334	0.2967032967032967	0.8125	0.0	0.0	0.0	1.0	0.0	0.8450764006791172
2L	2399740	G	T	AGAP004707		n.1297-158G>T	False	4940	0.0	0.0	0.0	0.0	0.0	0.0	0.0	0.0	0.08333333333333333	0.0	0.0	0.0	0.0	0.0	0.0	0.0	0.0	0.0	0.0	0.0	0.0	0.0	0.0	0.001697792869269949
2L	2399829	C	G	AGAP004707		n.1297-69C>G	False	4941	0.0	0.0	0.0	0.0	0.0	0.0	0.0	0.0	0.0	0.0	0.0	0.0	0.046153846153846156	0.0	0.0	0.0	0.005494505494505495	0.0	0.0	0.0	0.0	0.0	0.0	0.0029711375212224107
2L	2399865	T	C	AGAP004707		n.1297-33T>C	False	4942	0.8653846153846154	1.0	0.8533333333333334	1.0	0.9014084507042254	1.0	1.0	1.0	1.0	1.0	0.8181818181818182	1.0	0.823076923076923	0.875	1.0	0.8333333333333334	0.7087912087912088	0.8125	1.0	1.0	1.0	1.0	1.0	0.9257215619694398
2L	2399997	G	C	AGAP004707	p.Asp466His	n.1396G>C	True	4943	0.0	0.0	0.0	0.0	0.0	0.0	0.06902356902356903	0.0	0.0	0.0	0.0	0.0	0.0	0.0	0.0	0.0	0.0	0.0	0.0	0.0	0.0	0.0	0.0	0.01740237691001698
2L	2400035	G	A	AGAP004707	p.Gln478Gln	n.1434G>A	False	4944	0.0	0.0	0.0	0.0	0.0	0.0	0.0	0.0	0.020833333333333332	0.0	0.0	0.0	0.2692307692307692	0.0	0.0	0.0	0.41208791208791207	0.0	0.0	0.0	0.0	0.0	0.0	0.04711375212224109
2L	2400065	G	A	AGAP004707	p.Glu488Glu	n.1464G>A	False	4945	0.8397435897435898	0.0	0.8533333333333334	1.0	0.9014084507042254	0.0	0.09595959595959595	0.0	0.0	0.0	0.8181818181818182	1.0	0.015384615384615384	0.875	1.0	0.16666666666666666	0.03296703296703297	0.0	0.0	0.0	0.0	0.0	0.0	0.3565365025466893
2L	2400076	T	A	AGAP004707	p.Ile492Asn	n.1475T>A	True	4946	0.0	0.0	0.0	0.0	0.0	0.0	0.0	0.0	0.0	0.0	0.0	0.0	0.0	0.0	0.0	0.0	0.0	0.0	0.0	0.0	0.0	0.013392857142857142	0.0	0.0012733446519524619
2L	2400200	A	T	AGAP004707		n.1572+27A>T	False	4947	0.0	0.0	0.0	0.0	0.0	0.0	0.0	0.0	0.0	0.0	0.0	0.0	0.05384615384615385	0.0	0.0	0.0	0.0	0.0	0.0	0.0	0.0	0.0	0.0	0.002976190476190476
2L	2400216	A	T	AGAP004707		n.1572+43A>T	False	4948	0.0	1.0	0.0	0.0	0.0	1.0	0.0	1.0	0.0	0.0	0.0	0.0	0.2692307692307692	0.0	0.0	0.0	0.41208791208791207	0.0	1.0	1.0	1.0	0.0	1.0	0.07724957555178268
2L	2400244	C	A	AGAP004707		n.1572+71C>A	False	4949	0.0	0.0	0.0	0.0	0.0	0.0	0.02861952861952862	0.0	0.0	0.0	0.0	0.0	0.08461538461538462	0.0	0.0	0.05555555555555555	0.04945054945054945	0.0	0.0	0.0	0.0	0.0	0.0	0.016156462585034014
2L	2400249	G	A	AGAP004707		n.1572+76G>A	False	4950	0.0	1.0	0.0	0.0	0.0	1.0	0.0	1.0	0.0	0.0	0.0	0.0	0.2692307692307692	0.0	0.0	0.0	0.41208791208791207	0.0	1.0	1.0	1.0	0.0	1.0	0.07568027210884354
2L	2400327	C	A	AGAP004707		n.1572+154C>A	False	4951	0.0	0.0	0.0	0.0	0.0	0.0	0.010101010101010102	0.0	0.0	0.0	0.0	0.0	0.08461538461538462	0.0	0.0	0.0	0.016483516483516484	0.0	0.0	0.0	0.0	0.0	0.0	0.008488964346349746
2L	2400336	A	C	AGAP004707		n.1572+163A>C	False	4952	0.0	0.0	0.0	0.0	0.0	0.0	0.0	0.0	0.0	0.0	0.0	0.0	0.12307692307692307	0.0	0.0	0.0	0.13736263736263737	0.0	0.0	0.0	0.0	0.0	0.0	0.01740237691001698
2L	2400360	G	A	AGAP004707		n.1572+187G>A	False	4953	0.019230769230769232	0.0	0.0	0.0	0.0	0.0	0.0	0.0	0.0	0.0	0.0	0.0	0.0	0.0	0.0	0.0	0.0	0.0	0.0	0.0	0.0	0.0	0.0	0.0012733446519524619
2L	2400388	C	T	AGAP004707		n.1572+215C>T	False	4954	0.019230769230769232	0.0	0.0	0.0	0.0	0.0	0.0	0.0	0.0	0.0	0.0	0.0	0.0	0.0	0.0	0.0	0.0	0.0	0.0	0.0	0.0	0.0	0.0	0.001274426508071368
2L	2400416	G	A	AGAP004707		n.1572+243G>A	False	4955	0.0	1.0	0.0	0.0	0.0	1.0	0.0	1.0	0.0	0.0	0.0	0.0	0.2692307692307692	0.0	0.0	0.0	0.4065934065934066	0.0	1.0	1.0	1.0	0.0	1.0	0.0768251273344652
2L	2400438	T	G	AGAP004707		n.1572+265T>G	False	4956	0.01282051282051282	0.0	0.006666666666666667	0.0	0.007042253521126761	0.0	0.0	1.0	0.0	0.0	0.0	0.0	0.038461538461538464	0.0	0.0	0.16666666666666666	0.02197802197802198	0.0	0.0	0.0	0.0	0.0	0.0	0.01020408163265306
2L	2400466	C	A	AGAP004707		n.1572+293C>A	False	4957	0.0	1.0	0.0	0.0	0.0	1.0	0.0	1.0	0.0	0.0	0.0	0.0	0.2692307692307692	0.0	0.0	0.0	0.41208791208791207	0.0	1.0	1.0	1.0	0.0	1.0	0.07724957555178268
2L	2400480	T	C	AGAP004707		n.1572+307T>C	False	4958	0.00641025641025641	0.0	0.0	0.0	0.0	0.0	0.0	1.0	0.0	0.0	0.0	0.0	0.0	0.0	0.0	0.0	0.0	0.0	0.0	0.0	0.0	0.0	0.0	0.0038200339558573855
2L	2400504	C	T	AGAP004707		n.1572+331C>T	False	4959	0.0	0.0	0.0	0.0	0.0	0.0	0.015151515151515152	0.0	0.0	0.0	0.0	0.0	0.0	0.0	0.0	0.05555555555555555	0.01098901098901099	0.0	1.0	1.0	0.0	0.5267857142857143	0.0	0.0636672325976231
2L	2400506	A	T	AGAP004707		n.1572+333A>T	False	4960	0.0	0.0	0.0	0.0	0.0	0.0	0.006734006734006734	0.0	0.0	0.0	0.0	0.0	0.0	0.0	0.0	0.0	0.0	0.0	0.0	0.0	0.0	0.0	0.0	0.001697792869269949
2L	2400508	A	G	AGAP004707		n.1572+335A>G	False	4961	0.0	0.0	0.0	0.0	0.0	0.0	0.0	0.0	0.0	0.0	0.0	0.0	0.0	0.0	0.0	0.0	0.06043956043956044	0.0	0.0	0.0	0.0	0.0	0.0	0.00466893039049236
2L	2400536	C	A	AGAP004707		n.1572+363C>A	False	4962	0.0	0.0	0.0	0.0	0.0	0.0	0.0	0.0	0.0	0.0	0.0	0.0	0.2692307692307692	0.0	0.0	0.0	0.41208791208791207	0.0	0.0	0.0	0.0	0.0	1.0	0.055178268251273345
2L	2400566	G	A	AGAP004707		n.1572+393G>A	False	4963	0.0	0.0	0.0	0.0	0.0	0.0	0.0	0.0	0.08333333333333333	0.0	0.0	0.0	0.0	0.0	0.0	0.0	0.0	0.0	0.0	0.0	0.0	0.0	0.0	0.001697792869269949
2L	2400587	G	T	AGAP004707		n.1572+414G>T	False	4964	0.0	0.0	0.0	0.0	0.0	0.0	0.0	1.0	0.0	0.0	0.0	0.0	0.2692307692307692	0.0	0.0	0.0	0.41208791208791207	0.0	1.0	1.0	0.0	0.0	1.0	0.06547619047619048
2L	2400626	A	G	AGAP004707		n.1572+453A>G	False	4965	0.0	0.0	0.0	0.0	0.0	0.0	0.0	0.0	0.08333333333333333	0.0	0.0	0.0	0.0	0.0	0.0	0.0	0.0	0.0	0.0	0.0	0.0	0.0	0.0	0.0016992353440951572
2L	2401053	A	T	AGAP004707		n.1572+880A>T	False	4966	0.019230769230769232	0.0	0.0	0.0	0.007042253521126761	0.0	0.0	0.0	0.0	0.0	0.0	0.0	0.0	0.0	0.0	0.0	0.0	0.0	0.0	0.0	0.0	0.0	0.0	0.0017050298380221654
2L	2401054	G	C	AGAP004707		n.1572+881G>C	False	4967	0.0	0.0	0.0	0.0	0.0	0.0	0.0	0.0	0.0	0.0	0.0	0.0	0.015384615384615384	0.0	0.0	0.0	0.06043956043956044	0.0	0.0	0.0	0.0	0.0	0.0	0.005541346973572037
2L	2401197	A	G	AGAP004707		n.1572+1024A>G	False	4968	0.8397435897435898	0.0	0.8533333333333334	1.0	0.9084507042253521	0.0	1.0	0.0	0.9166666666666666	1.0	0.8181818181818182	1.0	0.5538461538461539	0.875	1.0	0.8333333333333334	0.2967032967032967	0.8125	0.0	0.0	0.0	1.0	0.0	0.8462192013593883
2L	2401332	T	C	AGAP004707		n.1573-1115T>C	False	4969	0.8397435897435898	0.0	0.8533333333333334	1.0	0.9084507042253521	0.0	1.0	0.0	0.9166666666666666	1.0	0.8181818181818182	1.0	0.5538461538461539	0.875	1.0	0.8333333333333334	0.2967032967032967	0.8125	1.0	1.0	0.0	1.0	0.0	0.8561702127659574
2L	2401337	T	C	AGAP004707		n.1573-1110T>C	False	4970	0.0	0.0	0.0	0.0	0.0	0.0	0.0	0.0	0.0	0.0	0.0	0.0	0.2692307692307692	0.0	0.0	0.0	0.4065934065934066	0.0	0.0	0.0	0.0	0.0	0.0	0.04626485568760611
2L	2401339	T	G	AGAP004707		n.1573-1108T>G	False	4971	0.0	0.0	0.0	0.0	0.0	0.0	0.0	0.0	0.0	0.0	0.0	0.0	0.030769230769230767	0.0	0.0	0.0	0.0	0.0	0.0	0.0	0.0	0.0	0.0	0.001697792869269949
2L	2401340	T	C	AGAP004707		n.1573-1107T>C	False	4972	0.0	0.875	0.0	0.0	0.0	1.0	0.0	1.0	0.0	0.0	0.0	0.0	0.2692307692307692	0.0	0.0	0.0	0.4065934065934066	0.0	1.0	1.0	1.0	0.0	1.0	0.07640067911714771
2L	2401406	T	A	AGAP004707		n.1573-1041T>A	False	4973	0.038461538461538464	0.0	0.0	0.0	0.0	0.0	0.0	0.0	0.0	0.0	0.0	0.0	0.0	0.0	0.0	0.0	0.0	0.0	0.0	0.0	0.0	0.0	0.0	0.0025466893039049238
2L	2401417	C	G	AGAP004707		n.1573-1030C>G	False	4974	0.0	0.0	0.0	0.0	0.0	0.0	0.0	0.0	0.0	0.0	0.0	0.0	0.2692307692307692	0.0	0.0	0.0	0.41208791208791207	0.0	0.0	0.0	0.0	0.0	0.0	0.0466893039049236
2L	2401514	T	G	AGAP004707		n.1573-933T>G	False	4975	0.02564102564102564	0.0	0.006666666666666667	0.0	0.0	0.0	0.0	0.0	0.0	0.0	0.0	0.0	0.0	0.0	0.0	0.0	0.005494505494505495	0.0	0.0	0.0	0.0	0.0	0.0	0.0025466893039049238
2L	2401529	G	T	AGAP004707		n.1573-918G>T	False	4976	0.0	0.0	0.0	0.0	0.0	0.0	0.0	1.0	0.0	0.0	0.0	0.0	0.0	0.0	0.0	0.0	0.005494505494505495	0.0	0.0	0.0	0.0	0.0	0.0	0.0038200339558573855
2L	2401530	C	G	AGAP004707		n.1573-917C>G	False	4977	0.0	0.0	0.0	0.0	0.0	0.0	0.0	0.0	0.0	0.0	0.0	0.0	0.2692307692307692	0.0	0.0	0.0	0.41208791208791207	0.0	0.0	0.0	0.0	0.0	0.0	0.0466893039049236
2L	2401531	A	C	AGAP004707		n.1573-916A>C	False	4978	0.0	0.0	0.0	0.0	0.0	0.0	0.0	0.0	0.0625	0.0	0.0	0.0	0.0	0.0	0.0	0.0	0.0	0.0	0.0	0.0	0.0	0.0	0.0	0.0012733446519524619
2L	2401596	A	G	AGAP004707		n.1573-851A>G	False	4979	0.0	0.0	0.0	0.0	0.0	0.0	0.0	0.0	0.0	0.0	0.0	0.0	0.09230769230769231	0.0	0.0	0.0	0.02197802197802198	0.0	0.0	0.0	0.0	0.0	0.0	0.006791171477079796
2L	2401611	C	T	AGAP004707		n.1573-836C>T	False	4980	0.0	0.0	0.0	0.0	0.0	0.0	0.006734006734006734	0.0	0.0	0.0	0.0	0.0	0.0	0.0	0.0	0.0	0.0	0.0	0.0	0.0	0.0	0.0	0.0	0.001697792869269949
2L	2401654	C	G	AGAP004707		n.1573-793C>G	False	4981	0.019230769230769232	0.0	0.0	0.0	0.0	0.0	0.0	0.0	0.0	0.0	0.0	0.0	0.0	0.0	0.0	0.0	0.0	0.0	0.0	0.0	0.0	0.0	0.0	0.0012733446519524619
2L	2401678	A	T	AGAP004707		n.1573-769A>T	False	4982	0.0	0.0	0.0	0.0	0.0	0.0	0.0	0.0	0.0	0.0	0.00909090909090909	0.0	0.12307692307692307	0.0	0.0	0.0	0.13736263736263737	0.0	0.0	0.0	0.0	0.0	0.0	0.017826825127334467
2L	2401697	A	T	AGAP004707		n.1573-750A>T	False	4983	0.8397435897435898	0.0	0.8533333333333334	1.0	0.9084507042253521	0.0	1.0	0.0	0.9166666666666666	1.0	0.8181818181818182	1.0	0.5538461538461539	0.875	1.0	0.8333333333333334	0.3021978021978022	0.8125	0.0	0.0	0.0	1.0	0.0	0.8459252971137521
2L	2401894	T	C	AGAP004707		n.1573-553T>C	False	4984	1.0	1.0	1.0	1.0	1.0	1.0	1.0	1.0	1.0	1.0	1.0	1.0	1.0	1.0	1.0	1.0	0.9615384615384616	1.0	1.0	1.0	1.0	1.0	1.0	0.9970212765957447
2L	2401895	T	A	AGAP004707		n.1573-552T>A	False	4985	0.01282051282051282	0.0	0.0	0.0	0.0	0.25	0.0	0.0	0.10416666666666667	0.0	0.0	0.0	0.0	0.0	0.0	0.0	0.0	0.0	0.0	0.0	0.0	0.0	0.0	0.003829787234042553
2L	2402096	A	C	AGAP004707		n.1573-351A>C	False	4986	0.8717948717948718	1.0	0.8533333333333334	1.0	0.9154929577464789	1.0	0.9983164983164983	1.0	1.0	1.0	0.8181818181818182	1.0	0.823076923076923	0.875	1.0	0.8333333333333334	0.7252747252747253	0.8125	1.0	1.0	1.0	1.0	1.0	0.9277210884353742
2L	2402117	G	A	AGAP004707		n.1573-330G>A	False	4987	0.0	0.0	0.0	0.0	0.0	0.0	0.0	1.0	0.0	0.0	0.0	0.0	0.061538461538461535	0.0	0.0	0.0	0.0	0.0	0.0	0.0	0.0	0.0	0.0	0.00594732370433305
2L	2402181	A	T	AGAP004707		n.1573-266A>T	False	4988	0.0	0.0	0.0	0.0	0.0	0.0	0.018518518518518517	0.0	0.0	0.0	0.0	0.0	0.0	0.0	0.0	0.0	0.005494505494505495	0.0	0.0	0.0	0.0	0.0	0.0	0.005097706032285472
2L	2402558	T	A	AGAP004707		n.1635+49T>A	False	4989	0.8397435897435898	0.0	0.8533333333333334	1.0	0.9154929577464789	0.0	1.0	0.0	0.9166666666666666	1.0	0.8181818181818182	1.0	0.5538461538461539	0.875	1.0	0.8333333333333334	0.3021978021978022	0.8125	0.0	0.0	0.0	1.0	0.0	0.8470688190314358
2L	2402625	C	G	AGAP004707		n.1635+116C>G	False	4990	0.0	1.0	0.0	0.0	0.0	1.0	0.0	1.0	0.0	0.0	0.0	0.0	0.2692307692307692	0.0	0.0	0.0	0.41208791208791207	0.0	1.0	1.0	1.0	0.0	1.0	0.07724957555178268
2L	2402657	A	T	AGAP004707		n.1635+148A>T	False	4991	0.0	0.0	0.0	0.0	0.0	0.0	0.0	0.0	0.08333333333333333	0.0	0.0	0.0	0.0	0.0	0.0	0.0	0.0	0.0	0.0	0.0	0.0	0.0	0.0	0.001697792869269949
2L	2402740	C	A	AGAP004707		n.1635+231C>A	False	4992	0.0	0.0	0.0	0.0	0.0	0.0	0.045454545454545456	0.0	0.0	0.0	0.0	0.0	0.0	0.0	0.0	0.05555555555555555	0.0	0.0	0.0	0.0	0.0	0.0	0.0	0.011884550084889643
2L	2402768	A	T	AGAP004707		n.1635+259A>T	False	4993	0.0	0.0	0.0	0.0	0.0	0.0	0.0	1.0	0.0	0.0	0.0	0.0	0.038461538461538464	0.0	0.0	0.0	0.005494505494505495	0.0	0.0	0.0	0.0	0.0	0.0	0.00596252129471891
2L	2402774	T	A	AGAP004707		n.1635+265T>A	False	4994	0.8397435897435898	0.0	0.8533333333333334	1.0	0.9154929577464789	0.0	0.7727272727272727	0.0	0.9166666666666666	0.34057971014492755	0.8181818181818182	1.0	0.1076923076923077	0.875	1.0	0.2777777777777778	0.0989010989010989	0.0	0.0	0.0	0.0	0.0	0.0	0.5796422487223168
2L	2402775	G	T	AGAP004707		n.1635+266G>T	False	4995	0.8397435897435898	0.0	0.8533333333333334	1.0	0.9154929577464789	0.0	1.0	0.0	0.9166666666666666	1.0	0.8181818181818182	1.0	0.5538461538461539	0.875	1.0	0.8333333333333334	0.3021978021978022	0.8125	0.0	0.0	0.0	1.0	0.0	0.8492333901192505
2L	2402825	A	G	AGAP004707		n.1636-261A>G	False	4996	0.0	1.0	0.0	0.0	0.0	1.0	0.0016835016835016834	0.0	0.0	0.0	0.0	0.0	0.0	0.0	0.0	0.0	0.0	0.0	0.0	0.0	1.0	0.0	0.0	0.009770603228547154
2L	2402862	T	C	AGAP004707		n.1636-224T>C	False	4997	1.0	1.0	0.8666666666666667	1.0	0.9154929577464789	1.0	1.0	1.0	1.0	1.0	0.8272727272727273	1.0	0.9923076923076923	0.875	1.0	1.0	0.9945054945054945	0.8125	1.0	1.0	1.0	1.0	1.0	0.969439728353141
2L	2402982	G	C	AGAP004707		n.1636-104G>C	False	4998	0.0	0.0	0.0	0.0	0.0	0.0	0.018518518518518517	0.0	0.0	0.0	0.0	0.0	0.015384615384615384	0.0	0.0	0.0	0.005494505494505495	0.0	0.0	0.0	0.0	0.0	0.0	0.00596252129471891
2L	2403047	T	A	AGAP004707		n.1636-39T>A	False	4999	0.019230769230769232	0.0	0.0	0.0	0.0	0.0	0.0	0.0	0.0	0.0	0.0	0.0	0.0	0.0	0.0	0.0	0.0	0.0	0.0	0.0	0.0	0.0	0.0	0.0012733446519524619
2L	2403136	T	C	AGAP004707	p.Asp562Asp	n.1686T>C	False	5000	0.0	0.0	0.0	0.0	0.0	0.0	0.02861952861952862	0.0	0.0	0.0	0.0	0.0	0.007692307692307692	0.0	0.0	0.05555555555555555	0.0	0.0	0.0	0.0	0.0	0.0	0.0	0.008064516129032258
2L	2403359	A	C	AGAP004707		n.1819+90A>C	False	5001	0.0	0.0	0.0	0.0	0.0	0.0	0.0	0.0	0.0	0.0	0.0	0.0	0.0	0.0	0.0	0.0	0.0	0.7604166666666666	0.0	0.0	0.0	0.4732142857142857	0.0	0.07597623089983022
2L	2403360	T	A	AGAP004707		n.1819+91T>A	False	5002	0.9038461538461539	1.0	0.9933333333333333	1.0	1.0	1.0	1.0	1.0	1.0	1.0	1.0	1.0	1.0	1.0	1.0	0.9444444444444444	0.9560439560439561	1.0	1.0	1.0	1.0	1.0	1.0	0.9893887945670629
2L	2403625	T	G	AGAP004707		n.1819+356T>G	False	5003	0.0	0.0	0.0	0.0	0.0	0.0	0.0	0.0	0.0	0.0	0.0	0.0	0.2692307692307692	0.0	0.0	0.0	0.41208791208791207	0.0	0.0	0.0	0.0	0.0	0.0	0.04672897196261682
2L	2403738	A	G	AGAP004707		n.1819+469A>G	False	5004	0.0	0.0	0.0	0.0	0.0	0.0	0.008417508417508417	0.0	0.0	0.0	0.0	0.0	0.08461538461538462	0.0	0.0	0.0	0.01098901098901099	0.0	0.0	0.0	0.0	0.0	0.0	0.007640067911714771
2L	2403788	G	A	AGAP004707		n.1819+519G>A	False	5005	0.0	0.0	0.0	0.0	0.0	0.0	0.0	0.0	0.0	0.0	0.0	0.0	0.038461538461538464	0.0	0.0	0.0	0.01098901098901099	0.0	0.0	0.0	0.0	0.0	0.0	0.0029711375212224107
2L	2403814	G	T	AGAP004707		n.1819+545G>T	False	5006	0.0	0.0	0.0	0.0	0.0	0.0	0.0	0.0	0.0	0.0	0.0	0.0	0.0	0.0	0.0	0.0	0.04945054945054945	0.0	0.0	0.0	0.0	0.0	0.0	0.003826530612244898
2L	2403816	C	A	AGAP004707		n.1819+547C>A	False	5007	0.07692307692307693	0.0	0.0	0.0	0.0	0.0	0.0	0.0	0.0	0.0	0.0	0.0	0.0	0.0	0.0	0.0	0.0	0.0	0.0	0.0	0.0	0.0	0.0	0.00510204081632653
2L	2403856	A	G	AGAP004707		n.1819+587A>G	False	5008	0.019230769230769232	0.0	0.0	0.0	0.0	0.0	0.0	0.0	0.0	0.0	0.0	0.0	0.0	0.0	0.0	0.0	0.0	0.0	0.0	0.0	0.0	0.0	0.0	0.0012733446519524619
2L	2403879	T	G	AGAP004707		n.1819+610T>G	False	5009	0.0	0.0	0.0	0.0	0.0	0.0	0.006734006734006734	0.0	0.0	0.0	0.0	0.0	0.0	0.0	0.0	0.0	0.016483516483516484	0.0	0.0	0.0	0.0	0.0	0.0	0.002981260647359455
2L	2403881	G	T	AGAP004707		n.1819+612G>T	False	5010	0.0	0.0	0.0	0.0	0.0	0.0	0.0	0.0	0.0	0.0	0.0	0.0	0.2692307692307692	0.0	0.0	0.0	0.41208791208791207	0.0	0.0	0.0	0.0	0.0	0.0	0.046848381601362864
2L	2403926	T	C	AGAP004707		n.1819+657T>C	False	5011	0.0	0.0	0.0	0.0	0.0	0.0	0.0	0.0	0.0	0.0	0.0	0.0	0.2692307692307692	0.0	0.0	0.0	0.41208791208791207	0.0	0.0	0.0	0.0	0.0	0.0	0.0466893039049236
2L	2404011	G	T	AGAP004707		n.1819+742G>T	False	5012	0.0	1.0	0.0	0.0	0.0	1.0	0.0016835016835016834	0.0	0.0	0.0	0.0	0.0	0.0	0.0	0.0	0.0	0.0	0.0	0.0	0.0	1.0	0.0	0.0	0.010611205432937181
2L	2404038	T	C	AGAP004707		n.1819+769T>C	False	5013	0.8397435897435898	1.0	0.8533333333333334	1.0	0.9154929577464789	1.0	1.0	1.0	0.9166666666666666	1.0	0.8181818181818182	1.0	0.823076923076923	0.875	1.0	0.8333333333333334	0.7142857142857143	0.8125	1.0	1.0	1.0	1.0	1.0	0.9235993208828522
2L	2404043	C	T	AGAP004707		n.1819+774C>T	False	5014	0.0	1.0	0.0	0.0	0.0	1.0	0.0	1.0	0.0	0.0	0.0	0.0	0.2692307692307692	0.0	0.0	0.0	0.41208791208791207	0.0	1.0	1.0	1.0	0.0	1.0	0.07724957555178268
2L	2404074	T	C	AGAP004707		n.1819+805T>C	False	5015	0.0	1.0	0.0	0.0	0.0	1.0	0.0	1.0	0.0	0.0	0.0	0.0	0.2692307692307692	0.0	0.0	0.0	0.41208791208791207	0.0	1.0	1.0		0.0	1.0	0.06454388984509467
2L	2404148	G	T	AGAP004707		n.1819+879G>T	False	5016	0.8397435897435898	0.0	0.8533333333333334	1.0	0.9154929577464789	0.0	0.7794612794612794	0.0	0.9166666666666666	0.34057971014492755	0.8181818181818182	1.0	0.17692307692307693	0.875	1.0	0.2222222222222222	0.1043956043956044	0.0	0.0	0.0	0.0	0.0	0.0	0.5831918505942275
2L	2404152	C	A	AGAP004707		n.1819+883C>A	False	5017	0.0	0.0	0.0	0.0	0.0	0.0	0.0	0.0	0.0	0.0	0.00909090909090909	0.0	0.13076923076923078	0.0	0.0	0.0	0.15934065934065933	0.0	0.0	0.0	0.0	0.0	0.0	0.020051194539249147
2L	2404195	T	A	AGAP004707		n.1819+926T>A	False	5018	0.0	0.0	0.0	0.0	0.0	0.0	0.0	0.0	0.0	0.0	0.0	0.0	0.2692307692307692	0.0	0.0	0.0	0.41208791208791207	0.0	0.0	0.0	0.0	0.0	0.0	0.0466893039049236
2L	2404207	T	A	AGAP004707		n.1819+938T>A	False	5019	0.0	0.0	0.0	0.0	0.0	0.0	0.005050505050505051	0.0	0.0	0.0	0.0	0.0	0.0	0.0	0.0	0.0	0.0	0.0	0.0	0.0	0.0	0.0	0.0	0.0012733446519524619
2L	2404208	A	G	AGAP004707		n.1819+939A>G	False	5020	0.0	0.0	0.0	0.0	0.0	0.0	0.0	0.0	0.0	0.0	0.0	0.0	0.2692307692307692	0.0	0.0	0.0	0.41208791208791207	0.0	0.0	0.0	0.0	0.0	0.0	0.0466893039049236
2L	2404218	T	A	AGAP004707		n.1819+949T>A	False	5021	0.8397435897435898	0.0	0.8533333333333334	1.0	0.9154929577464789	0.0	1.0	0.0	0.9166666666666666	1.0	0.8181818181818182	1.0	0.5538461538461539	0.875	1.0	0.8333333333333334	0.3021978021978022	0.8125	0.0	0.0	0.0	1.0	0.0	0.8463497453310697
2L	2408391	G	A	AGAP004707		n.2185+252G>A	False	5022	0.0	0.0	0.0	0.0	0.0	0.0	0.0016835016835016834	0.0	0.0	0.0	0.0	0.0	0.038461538461538464	0.0	0.0	0.0	0.005494505494505495	0.0	0.0	0.0	0.0	0.0	0.0	0.0029711375212224107
2L	2408410	A	T	AGAP004707		n.2185+271A>T	False	5023	0.0	0.0	0.0	0.0	0.0	0.0	0.0	0.0	0.0	0.0	0.0	0.0	0.2692307692307692	0.0	0.0	0.05555555555555555	0.4065934065934066	0.0	0.0	0.0	0.0	0.0	0.0	0.04680851063829787
2L	2408420	T	C	AGAP004707		n.2185+281T>C	False	5024	0.019230769230769232	0.0	0.0	0.0	0.0	0.0	0.0	0.0	0.0	0.0	0.0	0.0	0.0	0.0	0.0	0.0	0.0	0.0	0.0	0.0	0.0	0.0	0.0	0.0012733446519524619
2L	2408423	C	T	AGAP004707		n.2185+284C>T	False	5025	0.0	0.0	0.0	0.0	0.0	0.0	0.08585858585858586	0.0	0.0	0.6594202898550725	0.0	0.0	0.0	0.0	0.0	0.1111111111111111	0.0	0.0	0.0	0.0	0.0	0.0	0.0	0.06117247238742566
2L	2408426	C	A	AGAP004707		n.2185+287C>A	False	5026	0.00641025641025641	0.0	0.0	0.0	0.0	0.0	0.0	0.0	0.041666666666666664	0.0	0.0	0.0	0.0	0.0	0.0	0.0	0.0	0.0	0.0	0.0	0.0	0.0	0.0	0.001274426508071368
2L	2408438	T	G	AGAP004707		n.2185+299T>G	False	5027	0.0	0.0	0.0	0.0	0.0	0.0	0.0016835016835016834	0.0	0.0	0.0	0.0	0.0	0.0	0.0	0.0	0.0	0.0	0.0	1.0	1.0	0.0	0.0	0.0	0.008928571428571428
2L	2408444	T	C	AGAP004707		n.2185+305T>C	False	5028	0.0	0.0	0.0	0.0	0.0	0.0	0.0	0.0	0.0	0.0	0.0	0.0	0.007692307692307692	0.0	0.0	0.0	0.027472527472527472	0.0	0.0	0.0	0.0	0.0	0.0	0.002553191489361702
2L	2408453	A	T	AGAP004707		n.2185+314A>T	False	5029	0.0	0.0	0.0	0.0	0.0	0.0	0.0	0.0	0.0	0.0	0.0	0.0	0.0	0.0	0.0	0.0	0.0	0.0	1.0	1.0	0.0	0.5267857142857143	0.0	0.05862361937128292
2L	2408462	T	A	AGAP004707		n.2185+323T>A	False	5030	0.019230769230769232	0.0	0.0	0.0	0.0	0.0	0.0	0.0	0.0	0.0	0.0	0.0	0.0	0.0	0.0	0.0	0.0	0.0	0.0	0.0	0.0	0.0	0.0	0.001274426508071368
2L	2408471	A	T	AGAP004707		n.2185+332A>T	False	5031	0.8397435897435898	0.0	0.8533333333333334	1.0	0.9154929577464789	0.0	1.0	0.0	0.875	1.0	0.8181818181818182	1.0	0.5538461538461539	0.875	1.0	0.8333333333333334	0.3131868131868132	0.8125	0.0	0.0	0.0	1.0	0.0	0.8470688190314358
2L	2408476	A	T	AGAP004707		n.2185+337A>T	False	5032	0.0	0.125	0.0	0.0	0.0	0.0	0.003367003367003367	0.0	0.0	0.0	0.0	0.0	0.0	0.0	0.0	0.0	0.0	0.0	0.0	0.0	0.0	0.0	0.0	0.001274426508071368
2L	2408482	A	G	AGAP004707		n.2185+343A>G	False	5033	0.0	0.0	0.0	0.0	0.0	0.0	0.0	0.0	0.0	0.0	0.00909090909090909	0.0	0.13076923076923078	0.0	0.0	0.0	0.14835164835164835	0.0	1.0	1.0	0.0	0.0	0.0	0.027706734867860187
2L	2408528	G	A	AGAP004707		n.2185+389G>A	False	5034	0.0	0.0	0.0	0.0	0.0	0.0	0.3181818181818182	0.0	0.0	0.21014492753623187	0.0	0.0	0.0	0.0	0.0	0.0	0.0	0.0	0.0	0.0	0.0	0.0	0.0	0.09260832625318606
2L	2408532	G	A	AGAP004707		n.2185+393G>A	False	5035	0.0	0.0	0.0	0.0	0.0	0.0	0.0	0.0	0.0	0.0	0.0	0.0	0.007692307692307692	0.0	0.0	0.0	0.027472527472527472	0.0	0.0	0.0	0.0	0.0	0.0	0.002548853016142736
2L	2408541	A	G	AGAP004707		n.2185+402A>G	False	5036	0.019230769230769232	0.0	0.0	0.0	0.0	0.0	0.0	0.0	0.0	0.0	0.0	0.0	0.0	0.0	0.0	0.0	0.0	0.0	0.0	0.0	0.0	0.0	0.0	0.0012787723785166241
2L	2408595	A	T	AGAP004707		n.2185+456A>T	False	5037	0.03205128205128205	0.0	0.0	0.0	0.0	0.0	0.0	0.0	0.125	0.0	0.0	0.0	0.0	0.0	0.0	0.0	0.0	0.0	0.0	0.0	0.0	0.0	0.0	0.00466893039049236
2L	2408606	A	C	AGAP004707		n.2185+467A>C	False	5038	0.0	1.0	0.0	0.0	0.0	1.0	0.0016835016835016834	0.0	0.0	0.007246376811594203	0.0	0.0	0.0	0.0	0.0	0.0	0.0	0.0	0.0	0.0	1.0	0.0	0.0	0.011035653650254669
2L	2408615	T	C	AGAP004707		n.2185+476T>C	False	5039	0.0	0.0	0.0	0.0	0.0	0.0	0.003367003367003367	0.0	0.0	0.0	0.0	0.0	0.015384615384615384	0.0	0.0	0.0	0.0	0.0	0.0	0.0	0.0	0.0	0.0	0.001697792869269949
2L	2408668	C	T	AGAP004707		n.2185+529C>T	False	5040	0.0	0.0	0.0	0.0	0.0	0.0	0.0016835016835016834	1.0	0.0	0.0	0.0	0.0	0.0	0.0	0.0	0.0	0.0	0.0	1.0	1.0	0.0	0.0	0.0	0.01230899830220713
2L	2408677	A	C	AGAP004707		n.2185+538A>C	False	5041	0.0	0.0	0.0	0.0	0.0	0.0	0.07407407407407407	0.0	0.6875	0.0	0.0	0.0	0.0	0.0	0.0	0.0	0.005494505494505495	0.0	0.0	0.0	0.0	0.0	0.0	0.03310696095076401
2L	2409381	T	G	AGAP004707		n.2185+1242T>G	False	5042	0.9038461538461539	1.0	0.86	1.0	0.9154929577464789	1.0	1.0	1.0	1.0	1.0	0.8181818181818182	1.0	0.823076923076923	0.875	1.0	0.8333333333333334	0.7142857142857143	0.8125	1.0	1.0	1.0	1.0	1.0	0.9299065420560748
2L	2409513	A	T	AGAP004707		n.2185+1374A>T	False	5043	0.0	1.0	0.0	0.0	0.0	1.0	0.0	1.0	0.0	0.0	0.0	0.0	0.2692307692307692	0.0	0.0	0.0	0.4065934065934066	0.0	1.0	1.0	1.0	0.0	1.0	0.0768251273344652
2L	2409922	G	C	AGAP004707		n.2185+1783G>C	False	5044	0.0	0.0	0.0	0.0	0.0	0.0	0.0	0.0	0.08333333333333333	0.0	0.0	0.0	0.0	0.0	0.0	0.0	0.0	0.0	0.0	0.0	0.0	0.0	0.0	0.001697792869269949
2L	2410164	C	G	AGAP004707		n.2185+2025C>G	False	5045	0.0	0.0	0.0	0.0	0.0	0.0	0.0	1.0	0.0	0.0	0.0	0.0	0.0	0.0	0.0	0.0	0.016483516483516484	0.0	1.0	1.0	0.0	0.0	0.0	0.013247863247863248
2L	2410170	C	T	AGAP004707		n.2185+2031C>T	False	5046	0.0	0.0	0.0	0.0	0.0	0.0	0.06565656565656566	0.0	0.020833333333333332	0.0	0.0	0.0	0.16923076923076924	0.0	0.0	0.05555555555555555	0.054945054945054944	0.0	0.0	0.0	0.0	0.0	0.0	0.03098471986417657
2L	2410210	G	A	AGAP004707		n.2185+2071G>A	False	5047	0.0	0.0	0.0	0.0	0.0	0.0	0.021885521885521887	0.0	0.0	0.0	0.0	0.0	0.0	0.0	0.0	0.0	0.005494505494505495	0.0	0.0	0.0	0.0	0.0	0.0	0.00596252129471891
2L	2410255	T	C	AGAP004707		n.2185+2116T>C	False	5048	0.0	0.0	0.0	0.0	0.0	0.0	0.08585858585858586	0.0	0.0	0.6594202898550725	0.0	0.0	0.0	0.0	0.0	0.1111111111111111	0.0	0.0	0.0	0.0	0.0	0.0	0.0	0.06112054329371817
2L	2410272	C	T	AGAP004707		n.2185+2133C>T	False	5049	0.00641025641025641	0.0	0.0	0.0	0.0	0.0	0.08754208754208755	0.0	0.0	0.6594202898550725	0.0	0.0	0.0	0.0	0.0	0.1111111111111111	0.0	0.0	0.0	0.0	0.0	0.0	0.0	0.06207482993197279
2L	2410308	A	T	AGAP004707		n.2185+2169A>T	False	5050	0.0	0.0	0.0	0.0	0.0	0.0	0.0	0.0	0.0	0.0	0.0	0.0	0.2692307692307692	0.0	0.0	0.0	0.4065934065934066	0.0	0.0	0.0	0.0	0.0	0.0	0.04626485568760611
2L	2410330	C	T	AGAP004707		n.2185+2191C>T	False	5051	0.9551282051282052	0.0	1.0	1.0	1.0	0.0	1.0	0.0	1.0	1.0	1.0	1.0	0.7230769230769231	1.0	1.0	1.0	0.5769230769230769	0.8125	0.0	0.0	0.0	1.0	0.0	0.9116397621070518
2L	2411531	A	C	AGAP004707		n.2185+3392A>C	False	5052	0.0	0.0	0.0	0.0	0.0	0.0	0.0	1.0	0.0	0.0	0.0	0.0	0.27692307692307694	0.0	0.0	0.0	0.4175824175824176	0.0	1.0	1.0	0.0	0.0	1.0	0.06717687074829932
2L	2411532	A	C	AGAP004707		n.2185+3393A>C	False	5053	0.00641025641025641	1.0	0.0	0.0	0.0	1.0	0.0	0.0	0.0	0.0	0.0	0.0	0.0	0.0	0.0	0.0	0.0	0.0	0.0	0.0	1.0	0.0	0.0	0.00977891156462585
2L	2411574	C	T	AGAP004707		n.2185+3435C>T	False	5054	0.0	1.0	0.0	0.0	0.0	1.0	0.0	1.0	0.0	0.0	0.0	0.0	0.0	0.0	0.0	0.05555555555555555	0.005494505494505495	0.0	1.0	1.0	1.0	0.0	1.0	0.02144082332761578
2L	2411649	T	C	AGAP004707		n.2185+3510T>C	False	5055	0.0	1.0	0.0	0.0	0.0	1.0	0.025252525252525252	0.0	0.0	0.0	0.0	0.0	0.0	0.0	0.0	0.0	0.0	0.0	0.0	0.0	1.0	0.0	0.0	0.016553480475382003
2L	2411654	A	C	AGAP004707		n.2185+3515A>C	False	5056	0.8397435897435898	1.0	0.8533333333333334	1.0	0.9154929577464789	1.0	0.09090909090909091	0.0	0.0	0.0	0.8181818181818182	1.0	0.015384615384615384	0.875	1.0	0.16666666666666666	0.06593406593406594	0.0	0.0	0.0	1.0	0.0	0.0	0.3672340425531915
2L	2411661	C	G	AGAP004707		n.2185+3522C>G	False	5057	0.0	0.0	0.0	0.0	0.0	0.0	0.0016835016835016834	1.0	0.0	0.0	0.0	0.0	0.0	0.0	0.0	0.0	0.0	0.0	1.0	1.0	0.0	0.0	0.0	0.010656436487638534
2L	2411665	T	C	AGAP004707		n.2185+3526T>C	False	5058	0.0	0.0	0.0	0.0	0.0	0.0	0.04882154882154882	0.0	0.0	0.12318840579710146	0.0	0.0	0.0	0.0	0.0	0.0	0.005494505494505495	0.0	0.0	0.0	0.0	0.0	0.0	0.020034100596760442
2L	2415765	T	C	AGAP004707		n.2186-1029T>C	False	5059	0.019230769230769232	0.0	0.0	0.0	0.0	0.0	0.0	0.0	0.0	0.0	0.0	0.0	0.0	0.0	0.0	0.0	0.0	0.0	0.0	0.0	0.0	0.0	0.0	0.001274426508071368
2L	2415773	T	C	AGAP004707		n.2186-1021T>C	False	5060	0.0	0.0	0.0	0.0	0.0	0.0	0.0	0.0	0.0	0.0	0.0	0.0	0.046153846153846156	0.0	0.0	0.0	0.005494505494505495	0.0	0.0	0.0	0.0	0.0	0.0	0.002973661852166525
2L	2415831	C	T	AGAP004707		n.2186-963C>T	False	5061	0.9230769230769231	1.0	0.9933333333333333	1.0	1.0	1.0	1.0	1.0	1.0	1.0	0.990909090909091	1.0	0.8384615384615385	1.0	1.0	0.8333333333333334	0.7472527472527473	0.8125	1.0	1.0	1.0	1.0	1.0	0.9567062818336163
2L	2415856	T	C	AGAP004707		n.2186-938T>C	False	5062	0.8397435897435898	0.0	0.8533333333333334	1.0	0.9154929577464789	0.0	0.6127946127946128	0.0	0.0	0.34057971014492755	0.8181818181818182	1.0	0.08461538461538462	0.875	1.0	0.2222222222222222	0.11538461538461539	0.0	1.0	1.0	0.0	0.0	0.0	0.5276360544217688
2L	2415937	C	A	AGAP004707		n.2186-857C>A	False	5063	0.0	1.0	0.0	0.0	0.0	1.0	0.0	1.0	0.0	0.0	0.0	0.0	0.2692307692307692	0.0	0.0	0.0	0.4010989010989011	0.0	1.0	1.0	1.0	0.0	1.0	0.07561597281223449
2L	2415950	A	G	AGAP004707		n.2186-844A>G	False	5064	0.0	0.0	0.0	0.0	0.0	0.0	0.0	0.0	0.0	0.0	0.0	0.0	0.0	0.0	0.0	0.0	0.016483516483516484	0.0	0.0	0.0	0.0	0.0	0.0	0.001274426508071368
2L	2416939	T	C	AGAP004707	p.Val777Val	n.2331T>C	False	5065	0.0	0.0	0.0	0.0	0.0	0.0	0.0	0.0	0.0	0.0	0.0	0.0	0.030769230769230767	0.0	0.0	0.0	0.0	0.0	0.0	0.0	0.0	0.0	0.0	0.0016992353440951572
2L	2416980	C	T	AGAP004707	p.Thr791Met	n.2372C>T	True	5066	0.0	0.0	0.02	0.14673913043478262	0.0	0.0	0.0	0.0	0.0	0.0	0.00909090909090909	0.2916666666666667	0.0	0.0	0.1125	0.0	0.0	0.0	0.0	0.0	0.0	0.0	0.0	0.019949066213921902
2L	2416993	G	A	AGAP004707	p.Val795Val	n.2385G>A	False	5067	0.0	1.0	0.0	0.0	0.0	1.0	0.0	1.0	0.0	0.0	0.0	0.0	0.2692307692307692	0.0	0.0	0.0	0.4010989010989011	0.0	1.0	1.0	1.0	0.0	1.0	0.07561597281223449
2L	2417101	C	T	AGAP004707		n.2463+30C>T	False	5068	0.0	0.0	0.0	0.0	0.0	0.0	0.05555555555555555	0.0	0.0	0.0	0.0	0.0	0.13846153846153847	0.0	0.0	0.05555555555555555	0.054945054945054944	0.052083333333333336	0.0	0.0	0.0	0.5267857142857143	0.0	0.07852292020373515
2L	2417102	T	A	AGAP004707		n.2463+31T>A	False	5069	0.0	0.0	0.0	0.0	0.0	0.0	0.0	0.0	0.0	0.0	0.0	0.0	0.0	0.0	0.0	0.0	0.005494505494505495	0.0	0.0	0.0	0.0	0.0	0.3	0.0029711375212224107
2L	2417124	G	A	AGAP004707		n.2463+53G>A	False	5070	0.0	1.0	0.0	0.0	0.0	1.0	0.0	0.0	0.0	0.007246376811594203	0.0	0.0	0.2692307692307692	0.0	0.0	0.0	0.4010989010989011	0.0	1.0	1.0	1.0	0.0	1.0	0.06709401709401709
2L	2417127	T	A	AGAP004707		n.2463+56T>A	False	5071	0.9423076923076923	1.0	1.0	1.0	1.0	1.0	1.0	0.0	1.0	1.0	0.990909090909091	1.0	0.8692307692307693	1.0	1.0	0.8333333333333334	0.7692307692307693	0.8125	0.0	0.0	1.0	1.0	1.0	0.9496157130657558
2L	2417138	A	G	AGAP004707		n.2464-47A>G	False	5072	0.07692307692307693	0.0	0.006666666666666667	0.0	0.0	0.0	0.0	0.0	0.125	0.0	0.0	0.0	0.0	0.0	0.0	0.0	0.0	0.0	0.0	0.0	0.0	0.0	0.0	0.008112724167378309
2L	2417593	G	A	AGAP004707		n.2638-44G>A	False	5073	0.0	0.0	0.0	0.0	0.0	0.0	0.010101010101010102	0.0	0.0	0.0	0.0	0.0	0.07692307692307693	0.0	0.0	0.0	0.03296703296703297	0.0	1.0	1.0	0.0	0.0	0.0	0.017826825127334467
2L	2417622	C	T	AGAP004707		n.2638-15C>T	False	5074	0.08333333333333333	0.0	0.14666666666666667	0.0	0.08450704225352113	0.0	0.0	0.0	0.125	0.0	0.17272727272727273	0.0	0.038461538461538464	0.125	0.0	0.0	0.04395604395604396	0.0	0.0	0.0	0.0	0.0	0.0	0.03653355989804588
2L	2417678	T	C	AGAP004707	p.Asn893Asn	n.2679T>C	False	5075	0.8397435897435898	0.0	0.8533333333333334	1.0	0.9154929577464789	0.0	0.6111111111111112	0.0	0.0	0.34057971014492755	0.8181818181818182	1.0	0.09230769230769231	0.875	1.0	0.2222222222222222	0.11538461538461539	0.0	0.0	0.0	0.0	0.0	0.0	0.5186915887850467
2L	2417792	C	T	AGAP004707	p.Asn931Asn	n.2793C>T	False	5076	0.0	0.0	0.0	0.0	0.0	0.0	0.0	0.0	0.0	0.0	0.0	0.0	0.05384615384615385	0.0	0.0	0.0	0.0	0.0	0.0	0.0	0.0	0.0	0.0	0.0029711375212224107
2L	2417853	A	C	AGAP004707		n.2800+54A>C	False	5077	0.0	1.0	0.0	0.0	0.0	1.0	0.0	0.0	0.0	0.007246376811594203	0.0	0.0	0.0	0.0	0.0	0.0	0.0	0.0	0.0	0.0	1.0	0.0	0.0	0.00977891156462585
2L	2417876	A	T	AGAP004707		n.2800+77A>T	False	5078	0.0	0.0	0.0	0.0	0.0	0.0	0.0	0.0	0.0	0.0	0.0	0.0	0.27692307692307694	0.0	0.0	0.0	0.4010989010989011	0.0	0.0	0.0	0.0	0.0	0.0	0.04634353741496599
2L	2417894	T	C	AGAP004707		n.2800+95T>C	False	5079	0.0	0.0	0.14	0.0	0.08450704225352113	0.0	0.0	0.0	0.0	0.0	0.17272727272727273	0.0	0.046153846153846156	0.125	0.0	0.0	0.04395604395604396	0.0	0.0	0.0	0.0	0.0	0.0	0.028462192013593884
2L	2418040	C	T	AGAP004707		n.2800+241C>T	False	5080	0.0	1.0	0.0	0.0	0.0	1.0	0.0	1.0	0.0	0.0	0.0	0.0	0.2692307692307692	0.0	0.0	0.0	0.4010989010989011	0.0	1.0	1.0	1.0	0.0	1.0	0.07640067911714771
2L	2418058	T	A	AGAP004707		n.2800+259T>A	False	5081	0.0	1.0	0.0	0.0	0.0	1.0	0.0016835016835016834	0.0	0.0	0.0	0.0	0.0	0.0	0.0	0.0	0.0	0.0	0.0	0.0	0.0	1.0	0.0	0.0	0.007240204429301534
2L	2418060	C	T	AGAP004707		n.2800+261C>T	False	5082	0.08333333333333333	0.0	0.14666666666666667	0.0	0.08450704225352113	0.0	0.0	1.0	0.125	0.0	0.17272727272727273	0.0	0.046153846153846156	0.125	0.0	0.0	0.054945054945054944	0.0	0.0	0.0	0.0	0.0	0.0	0.04131175468483816
2L	2418065	A	C	AGAP004707		n.2800+266A>C	False	5083	0.0	1.0	0.0	0.0	0.0	1.0	0.0	1.0	0.0	0.0	0.0	0.0	0.2692307692307692	0.0	0.0	0.0	0.4010989010989011	0.0	1.0	1.0	1.0	0.0	1.0	0.07325383304940375
2L	2418092	A	T	AGAP004707		n.2800+293A>T	False	5084	0.0	0.0	0.0	0.0	0.0	0.0	0.0	0.0	0.14583333333333334	0.0	0.0	0.0	0.0	0.0	0.0	0.0	0.0	0.052083333333333336	0.0	0.0	0.0	0.0	0.0	0.0050933786078098476
2L	2420628	G	A	AGAP004707		n.2801-1840G>A	False	5085	0.0	0.0	0.0	0.0	0.0	0.0	0.0	0.0	0.0625	0.0	0.0	0.0	0.0	0.0	0.0	0.0	0.0	0.0	0.0	0.0	0.0	0.0	0.0	0.0012733446519524619
2L	2420631	G	A	AGAP004707		n.2801-1837G>A	False	5086	0.08333333333333333	1.0	0.006666666666666667	0.0	0.0	1.0	0.0	0.0	0.125	0.0	0.0	0.0	0.0	0.0	0.0	0.0	0.0	0.0	0.0	0.0	1.0	0.0	0.0	0.01870748299319728
2L	2420633	A	C	AGAP004707		n.2801-1835A>C	False	5087	0.08333333333333333	0.0	0.006666666666666667	0.0	0.0	0.0	0.0	0.0	0.125	0.0	0.0	0.0	0.0	0.0	0.0	0.0	0.0	0.0	0.0	0.0	0.0	0.0	0.0	0.008503401360544218
2L	2420635	G	T	AGAP004707		n.2801-1833G>T	False	5088	0.0	0.0	0.0	0.0	0.0	0.0	0.0	0.0	0.0	0.0	0.0	0.0	0.061538461538461535	0.0	0.0	0.05555555555555555	0.01098901098901099	0.0	0.0	0.0	0.0	0.0	0.0	0.00467687074829932
2L	2420636	G	T	AGAP004707		n.2801-1832G>T	False	5089	0.08333333333333333	0.0	0.006666666666666667	0.0	0.0	0.0	0.0	0.0	0.125	0.0	0.0	0.0	0.0	0.0	0.0	0.0	0.0	0.0	0.0	0.0	0.0	0.0	0.0	0.008503401360544218
2L	2420644	C	G	AGAP004707		n.2801-1824C>G	False	5090	0.0	1.0	0.0	0.0	0.0	1.0	0.0	1.0	0.0	0.0	0.0	0.0	0.2692307692307692	0.0	0.0	0.0	0.4230769230769231	0.0	1.0	1.0	1.0	0.0	1.0	0.07653061224489796
2L	2420656	A	G	AGAP004707		n.2801-1812A>G	False	5091	0.019230769230769232	0.0	0.0	0.0	0.0	0.0	0.0	0.0	0.0	0.0	0.0	0.0	0.0	0.0	0.0	0.0	0.0	0.0	0.0	0.0	0.0	0.0	0.0	0.0012733446519524619
2L	2421055	C	T	AGAP004707		n.2801-1413C>T	False	5092	0.0	0.0	0.0	0.0	0.0	0.0	0.0	0.0	0.0	0.0	0.0	0.0	0.038461538461538464	0.0	0.0	0.0	0.0	0.0	1.0	1.0	0.0	0.0	0.0	0.010611205432937181
2L	2421338	C	T	AGAP004707		n.2801-1130C>T	False	5093	0.0	0.0	0.0	0.0	0.0	0.0	0.013468013468013467	0.0	0.0	0.0	0.0	0.0	0.030769230769230767	0.0	0.0	0.0	0.01098901098901099	0.0	0.0	0.0	0.0	0.0	0.0	0.00596252129471891
2L	2421369	A	G	AGAP004707		n.2801-1099A>G	False	5094	0.0	0.0	0.0	0.0	0.0	0.0	0.0	0.0	0.0	0.0	0.0	0.0	0.0	0.0	0.0	0.0	0.04945054945054945	0.0	0.0	0.0	0.0	0.0	0.0	0.0038200339558573855
2L	2421565	C	T	AGAP004707		n.2801-903C>T	False	5095	0.0	0.0	0.0	0.0	0.0	0.0	0.0	0.0	0.0	0.0	0.0	0.0	0.030769230769230767	0.0	0.0	0.0	0.0	0.0	0.0	0.0	0.0	0.0	0.0	0.001697792869269949
2L	2421600	A	G	AGAP004707		n.2801-868A>G	False	5096	0.0	0.0	0.0	0.0	0.0	0.0	0.005050505050505051	0.0	0.0	0.0	0.0	0.0	0.0	0.0	0.0	0.0	0.0	0.0	0.0	0.0	0.0	0.0	0.0	0.0012733446519524619
2L	2421705	T	G	AGAP004707		n.2801-763T>G	False	5097	0.0	0.0	0.0	0.0	0.0	0.0	0.0	0.0	0.0	0.0	0.0	0.0	0.27692307692307694	0.0	0.0	0.0	0.4230769230769231	0.0	0.0	0.0	0.0	0.0	0.0	0.04796264855687606
2L	2422147	C	T	AGAP004707		n.2801-321C>T	False	5098	0.0	0.0	0.0	0.0	0.0	0.0	0.0	0.0	0.0	0.0	0.0	0.0	0.0	0.0	0.0	0.0	0.02197802197802198	0.0	0.0	0.0	0.0	0.0	0.0	0.0017006802721088435
2L	2422250	C	T	AGAP004707		n.2801-218C>T	False	5099	0.0	0.0	0.0	0.0	0.0	0.0	0.08754208754208755	0.0	0.16666666666666666	0.6739130434782609	0.0	0.0	0.0	0.0	0.0	0.1111111111111111	0.0	0.0	0.0	0.0	0.0	0.0	0.0	0.06578947368421052
2L	2422651	T	C	AGAP004707	p.Leu995Ser	n.2984T>C	True	5100	0.0	0.0	0.0	0.0	0.0	0.0	0.15656565656565657	0.0	0.0	0.6739130434782609	0.0	0.0	0.0	0.0	0.0	0.0	0.0	0.7604166666666666	0.0	0.0	0.0	1.0	0.0	0.20500848896434634
2L	2422652	A	T	AGAP004707	p.Leu995Phe	n.2985A>T	True	5101	0.8397435897435898	0.0	0.8533333333333334	1.0	0.9154929577464789	0.0	0.5252525252525253	0.0	0.0	0.32608695652173914	0.8181818181818182	1.0	0.0	0.875	1.0	0.0	0.0	0.0	0.0	0.0	0.0	0.0	0.0	0.4800509337860781
2L	2422697	T	A	AGAP004707		n.2989-16T>A	False	5102	0.0	0.0	0.0	0.0	0.0	0.0	0.0	0.0	0.0	0.0	0.0	0.0	0.2692307692307692	0.0	0.0	0.0	0.4230769230769231	0.0	0.0	0.0	0.0	0.0	0.0	0.04753820033955857
2L	2422734	T	C	AGAP004707	p.Leu1004Leu	n.3010T>C	False	5103	0.0	0.0	0.0	0.0	0.0	0.0	0.0	0.0	0.0	0.0	0.0	0.0	0.007692307692307692	0.0	0.0	0.0	0.016483516483516484	0.0	0.0	0.0	0.0	0.0	0.0	0.0016992353440951572
2L	2422910	T	A	AGAP004707	p.Val1062Val	n.3186T>A	False	5104	0.8397435897435898	0.0	0.8533333333333334	1.0	0.9154929577464789	0.0	0.2962962962962963	0.0	0.0	0.12318840579710146	0.8181818181818182	1.0	0.08461538461538462	0.875	1.0	0.2222222222222222	0.11538461538461539	0.0	0.0	0.0	0.0	0.0	0.0	0.4257215619694397
2L	2423282	A	T	AGAP004707		n.3196+362A>T	False	5105	0.9423076923076923	1.0	1.0	1.0	1.0	1.0	1.0	1.0	1.0	1.0	1.0	1.0	0.9923076923076923	1.0	1.0	0.8333333333333334	0.9120879120879121	0.8125	1.0	1.0	1.0	1.0	1.0	0.9800339847068819
2L	2423428	A	G	AGAP004707		n.3196+508A>G	False	5106	0.0	0.0	0.0	0.0	0.0	0.0	0.0	0.0	0.0	0.0	0.0	0.0	0.12307692307692307	0.0	0.0	0.0	0.10989010989010989	0.0	0.0	0.0	0.0	0.0	0.0	0.015293118096856415
2L	2423436	G	T	AGAP004707		n.3196+516G>T	False	5107	0.0	1.0	0.0	0.0	0.0	1.0	0.0016835016835016834	1.0	0.0	0.0	0.0	0.0	0.2692307692307692	0.0	0.0	0.0	0.42857142857142855	0.0	1.0	1.0	1.0	0.0	1.0	0.07816482582837724
2L	2423538	A	G	AGAP004707		n.3196+618A>G	False	5108	0.0	0.0	0.0	0.0	0.0	0.0	0.0016835016835016834	0.0	0.0	0.0	0.0	0.0	0.0	0.0	0.0	0.05555555555555555	0.0	0.7604166666666666	0.0	0.0	0.0	0.4732142857142857	0.0	0.0768251273344652
2L	2423548	A	T	AGAP004707		n.3196+628A>T	False	5109	0.0	0.0	0.0	0.0	0.0	0.0	0.0	0.0	0.0	0.0	0.0	0.0	0.0	0.0	0.0	0.0	0.016483516483516484	0.0	0.0	0.0	0.0	0.0	0.0	0.0012733446519524619
2L	2423580	G	A	AGAP004707		n.3197-627G>A	False	5110	0.0	0.0	0.0	0.0	0.0	0.0	0.0	0.0	0.0	0.0	0.0	0.0	0.2692307692307692	0.0	0.0	0.0	0.4230769230769231	0.0	0.0	0.0	0.0	0.0	0.0	0.04753820033955857
2L	2423611	A	G	AGAP004707		n.3197-596A>G	False	5111	0.0	0.0	0.0	0.0	0.0	0.0	0.018518518518518517	0.0	0.020833333333333332	0.0	0.0	0.0	0.0	0.0	0.0	0.05555555555555555	0.0	0.0	0.0	0.0	0.0	0.0	0.0	0.0055178268251273345
2L	2423646	G	A	AGAP004707		n.3197-561G>A	False	5112	0.0	0.0	0.0	0.0	0.0	0.0	0.0016835016835016834	0.0	0.0	0.0	0.0	0.0	0.061538461538461535	0.0	0.0	0.0	0.0	0.0	0.0	0.0	0.0	0.0	0.0	0.0038200339558573855
2L	2423655	C	T	AGAP004707		n.3197-552C>T	False	5113	0.0	0.0	0.0	0.0	0.0	0.0	0.3181818181818182	0.0	0.0	0.21014492753623187	0.0	0.0	0.0	0.0	0.0	0.0	0.0	0.0	1.0	1.0	0.0	0.0	0.0	0.10101867572156197
2L	2423667	C	T	AGAP004707		n.3197-540C>T	False	5114	0.0	0.0	0.0	0.0	0.0	0.0	0.013468013468013467	0.0	0.0	0.6594202898550725	0.0	0.0	0.0	0.0	0.0	0.1111111111111111	0.0	0.0	0.0	0.0	0.0	0.0	0.0	0.042869269949066216
2L	2423671	A	G	AGAP004707		n.3197-536A>G	False	5115	0.0	0.0	0.0	0.0	0.0	0.0	0.05555555555555555	0.0	0.0	0.0	0.0	0.0	0.13846153846153847	0.0	0.0	0.05555555555555555	0.054945054945054944	0.052083333333333336	0.0	0.0	0.0	0.5267857142857143	0.0	0.07852292020373515
2L	2423679	T	A	AGAP004707		n.3197-528T>A	False	5116	0.9423076923076923	1.0	1.0	1.0	1.0	1.0	1.0	1.0	1.0	1.0	1.0	1.0	0.9923076923076923	1.0	1.0	0.8333333333333334	0.9120879120879121	0.8125	1.0	1.0	1.0	1.0	1.0	0.9799829642248722
2L	2423839	A	T	AGAP004707		n.3197-368A>T	False	5117	0.0	0.0	0.0	0.0	0.0	0.0	0.006734006734006734	0.0	0.0	0.0	0.0	0.0	0.0	0.0	0.0	0.0	0.0	0.0	0.0	0.0	0.0	0.0	0.0	0.001697792869269949
2L	2423897	G	A	AGAP004707		n.3197-310G>A	False	5118	0.0	0.0	0.0	0.0	0.0	0.0	0.0	1.0	0.0	0.0	0.0	0.0	0.2692307692307692	0.0	0.0	0.0	0.42857142857142855	0.0	1.0	1.0	0.0	0.0	1.0	0.06833616298811546
2L	2424018	T	A	AGAP004707		n.3197-189T>A	False	5119	0.8397435897435898	0.0	0.8533333333333334	1.0	0.9154929577464789	0.0	1.0	0.0	1.0	1.0	0.8181818181818182	1.0	0.5692307692307692	0.875	1.0	0.8333333333333334	0.3131868131868132	0.6770833333333334	0.0	0.0	0.0	1.0	0.0	0.8442275042444821
2L	2424135	A	C	AGAP004707		n.3197-72A>C	False	5120	0.0	0.0	0.0	0.0	0.0	0.0	0.0	0.0	0.0	0.0	0.0	0.0	0.2692307692307692	0.0	0.0	0.0	0.4230769230769231	0.0	0.0	0.0	0.0	0.0	0.0	0.04753820033955857
2L	2424162	A	T	AGAP004707		n.3197-45A>T	False	5121	0.0	0.0	0.0	0.0	0.0	0.0	0.0	0.0	0.0	0.0	0.0	0.0	0.0	0.0	0.0	0.0	0.016483516483516484	0.0	0.0	0.0	0.0	0.0	0.0	0.0012809564474807857
2L	2424535	G	C	AGAP004707		n.3409-116G>C	False	5122	0.0	0.0	0.0	0.0	0.0	0.0	0.0	0.0	0.0	0.0	0.0	0.0	0.2692307692307692	0.0	0.0	0.0	0.4230769230769231	0.0	1.0	1.0	0.0	0.0	0.2857142857142857	0.05787234042553192
2L	2424541	C	T	AGAP004707		n.3409-110C>T	False	5123	0.0	0.0	0.0	0.0	0.0	0.0	0.04208754208754209	0.0	0.0	0.0	0.0	0.0	0.0	0.0	0.0	0.0	0.0	0.0	1.0	1.0	0.0	0.0	0.0	0.019148936170212766
2L	2424576	T	C	AGAP004707		n.3409-75T>C	False	5124	0.0	0.0	0.0	0.0	0.0	0.0	0.0	0.0	0.0	0.0	0.0	0.0	0.2692307692307692	0.0	0.0	0.0	0.4230769230769231	0.0	0.0	0.0	0.0	0.0	0.0	0.04753820033955857
2L	2424597	G	A	AGAP004707		n.3409-54G>A	False	5125	0.0	0.0	0.0	0.0	0.0	0.0	0.003367003367003367	0.0	0.0	0.0	0.0	0.0	0.0	0.0	0.0	0.0	0.0	0.0	1.0	1.0	0.0	0.0	0.0	0.009369676320272573
2L	2424887	A	C	AGAP004707		n.3628+17A>C	False	5126	0.12179487179487179	0.0	0.006666666666666667	0.0	0.0	0.0	0.0	0.0	0.0	0.0	0.0	0.0	0.0	0.0	0.0	0.1111111111111111	0.0	0.0	0.0	0.0	0.0	0.0	0.0	0.00933786078098472
2L	2424898	A	T	AGAP004707		n.3628+28A>T	False	5127	0.0	0.0	0.0	0.0	0.0	0.0	0.0	0.0	0.0	0.0	0.0	0.0	0.023076923076923078	0.0	0.0	0.0	0.016483516483516484	0.0	0.0	0.0	0.0	0.0	0.0	0.0025466893039049238
2L	2424907	A	T	AGAP004707		n.3628+37A>T	False	5128	0.0	0.0	0.0	0.0	0.0	0.0	0.0	0.0	0.0	0.0	0.0	0.0	0.0	0.0	0.0	0.0	0.016483516483516484	0.0	0.0	0.0	0.0	0.0	0.0	0.001274426508071368
2L	2425016	C	T	AGAP004707	p.Asp1233Asp	n.3699C>T	False	5129	0.8397435897435898	0.0	0.8533333333333334	1.0	0.9154929577464789	0.0	0.936026936026936	0.0	1.0	1.0	0.8181818181818182	1.0	0.3923076923076923	0.875	1.0	0.7777777777777778	0.23076923076923078	0.7604166666666666	0.0	0.0	0.0	0.4732142857142857	0.0	0.764855687606112
2L	2425034	A	T	AGAP004707	p.Ser1239Ser	n.3717A>T	False	5130	0.0	0.0	0.0	0.0	0.0	0.0	0.005050505050505051	0.0	0.0	0.0	0.0	0.0	0.0	0.0	0.0	0.0	0.0	0.0	0.0	0.0	0.0	0.0	0.0	0.0012733446519524619
2L	2425052	G	A	AGAP004707	p.Pro1245Pro	n.3735G>A	False	5131	0.0	0.0	0.0	0.0	0.0	0.0	0.2542087542087542	0.0	0.22916666666666666	0.0	0.0	0.0	0.26153846153846155	0.0	0.0	0.3888888888888889	0.08791208791208792	0.7604166666666666	0.0	0.0	0.0	0.4732142857142857	0.0	0.16907391673746813
2L	2425077	G	A	AGAP004707	p.Val1254Ile	n.3760G>A	True	5132	0.0	0.0	0.0	0.0	0.0	0.0	0.0	0.0	0.0	0.0	0.0	0.0	0.0	0.0	0.0	0.0	0.038461538461538464	0.0	0.0	0.0	0.0	0.0	0.0	0.0029711375212224107
2L	2425130	T	C	AGAP004707	p.Arg1271Arg	n.3813T>C	False	5133	0.0	0.0	0.0	0.0	0.0	0.0	0.015151515151515152	0.0	0.0	0.0	0.0	0.0	0.0	0.0	0.0	0.0	0.005494505494505495	0.0	0.0	0.0	0.0	0.0	0.0	0.004244482173174873
2L	2425239	G	A	AGAP004707		n.3894+28G>A	False	5134	0.019230769230769232	0.0	0.0	0.0	0.0	0.0	0.0	1.0	0.0	0.0	0.0	0.0	0.0	0.0	0.0	0.0	0.0	0.0	0.0	0.0	0.0	0.0	0.0	0.00466893039049236
2L	2425247	G	C	AGAP004707		n.3895-31G>C	False	5135	0.0	0.0	0.0	0.0	0.0	0.0	0.0	0.0	0.0	0.0	0.0	0.0	0.038461538461538464	0.0	0.0	0.0	0.027472527472527472	0.0	0.0	0.0	0.0	0.0	0.0	0.004244482173174873
2L	2425417	A	T	AGAP004707	p.Asn1345Ile	n.4034A>T	True	5136	0.0	0.0	0.02666666666666667	0.0	0.0	0.0	0.0	0.0	0.0	0.0	0.00909090909090909	0.0	0.0	0.0	0.0	0.0	0.0	0.0	0.0	0.0	0.0	0.0	0.0	0.0021222410865874364
2L	2425478	T	A	AGAP004707		n.4068+27T>A	False	5137	0.0	0.0	0.0	0.0	0.0	0.0	0.0	0.0	0.0	0.0	0.0	0.0	0.0	0.0	0.0	0.0	0.01098901098901099	0.0	1.0	1.0	0.0	0.0	0.0	0.00933786078098472
2L	2425545	T	C	AGAP004707		n.4068+94T>C	False	5138	1.0	1.0	1.0	1.0	1.0	1.0	1.0	1.0	1.0	1.0	1.0	1.0	1.0	1.0	0.9875	1.0	0.9615384615384616	1.0	1.0	1.0	1.0	1.0	1.0	0.9966044142614601
2L	2425597	A	C	AGAP004707		n.4068+146A>C	False	5139	0.08333333333333333	0.0	0.0	0.0	0.0	0.0	0.0	0.0	0.0	0.0	0.0	0.0	0.0	0.0	0.0	0.0	0.0	0.0	0.0	0.0	0.0	0.0	0.0	0.005536626916524702
2L	2425628	T	A	AGAP004707		n.4068+177T>A	False	5140	0.07051282051282051	0.0	0.0	0.0	0.0	0.0	0.0	0.0	0.0	0.0	0.0	0.0	0.0	0.0	0.0	0.0	0.0	0.0	0.0	0.0	0.0	0.0	0.0	0.004684838160136286
2L	2425631	C	A	AGAP004707		n.4068+180C>A	False	5141	0.0	0.0	0.0	0.0	0.0	0.0	0.016835016835016835	0.0	0.0	0.0	0.0	0.0	0.0	0.0	0.0	0.0	0.005494505494505495	0.0	0.0	0.0	0.0	0.0	0.0	0.004684838160136286
2L	2425766	T	A	AGAP004707		n.4068+315T>A	False	5142	0.0	0.0	0.0	0.0	0.0	0.0	0.015151515151515152	0.0	0.16666666666666666	0.6594202898550725	0.0	0.0	0.0	0.0	0.0	0.1111111111111111	0.0	0.0	0.0	0.0	0.0	0.0	0.0	0.04688832054560955
2L	2425775	A	G	AGAP004707		n.4068+324A>G	False	5143	0.0	0.0	0.0	0.0	0.0	0.0	0.0	0.0	0.0	0.0	0.0	0.0	0.007692307692307692	0.0	0.0	0.0	0.016483516483516484	0.0	0.0	0.0	0.0	0.0	0.0	0.0017050298380221654
2L	2425778	G	T	AGAP004707		n.4068+327G>T	False	5144	0.0	0.0	0.0	0.0	0.0	0.0	0.0	0.0	0.0	0.0	0.0	0.0	0.05384615384615385	0.0	0.0	0.0	0.0	0.0	0.0	0.0	0.0	0.0	0.0	0.0029838022165387893
2L	2426010	C	T	AGAP004707		n.4068+559C>T	False	5145	0.0	0.0	0.0	0.0	0.0	0.0	0.025252525252525252	0.0	0.0	0.0	0.0	0.0	0.0	0.0	0.0	0.0	0.0	0.0	0.0	0.0	0.0	0.0	0.0	0.006372132540356839
2L	2426025	A	T	AGAP004707		n.4068+574A>T	False	5146	0.05128205128205128	0.0	0.0	0.0	0.0	0.0	0.0	0.0	0.0	0.0	0.0	0.0	0.007692307692307692	0.0	0.0	0.1111111111111111	0.01098901098901099	0.0	0.0	0.0	0.0	0.0	0.0	0.0055225148683092605
2L	2427135	G	A	AGAP004707		n.4069-853G>A	False	5147	0.0	0.0	0.14	0.0	0.08450704225352113	0.0	0.0	0.0	0.0	0.0	0.18181818181818182	0.0	0.14615384615384616	0.125	0.0	0.0	0.14285714285714285	0.0	0.0	0.0	0.0	0.0	0.0	0.04202037351443124
2L	2427593	C	T	AGAP004707		n.4069-395C>T	False	5148	0.0	0.0	0.0	0.0	0.0	0.0	0.0	0.0	0.0	0.0	0.0	0.0	0.05384615384615385	0.0	0.0	0.0	0.0	0.0	0.0	0.0	0.0	0.0	0.0	0.002973661852166525
2L	2427596	C	T	AGAP004707		n.4069-392C>T	False	5149	0.0	0.0	0.0	0.0	0.0	0.0	0.005050505050505051	0.0	0.0	0.0	0.0	0.0	0.0	0.0	0.0	0.0	0.0	0.0	0.0	0.0	0.0	0.0	0.0	0.0012755102040816326
2L	2427810	T	C	AGAP004707		n.4069-178T>C	False	5150	0.0	0.0	0.0	0.0	0.0	0.0	0.0	0.0	0.0	0.0	0.0	0.0	0.0	0.0	0.0	0.0	0.054945054945054944	0.0	0.0	0.0	0.0	0.0	0.0	0.004280821917808219
2L	2427852	A	T	AGAP004707		n.4069-136A>T	False	5151	0.0	0.0	0.0	0.0	0.0	0.0	0.011784511784511785	0.0	0.0	0.0	0.0	0.0	0.007692307692307692	0.0	0.0	0.05555555555555555	0.0	0.0	0.0	0.0	0.0	0.0	0.0	0.0038232795242141037
2L	2427963	T	C	AGAP004707		n.4069-25T>C	False	5152	0.0	0.0	0.0	0.0	0.0	0.0	0.0	0.0	0.14583333333333334	0.0	0.0	0.0	0.0	0.0	0.0	0.1111111111111111	0.0	0.0	0.0	0.0	0.0	0.0	0.0	0.0038200339558573855
2L	2427996	G	A	AGAP004707	p.Leu1359Leu	n.4077G>A	False	5153	0.0	0.0	0.0	0.0	0.0	0.0	0.006734006734006734	0.0	0.0	0.0	0.0	0.0	0.030769230769230767	0.0	0.0	0.0	0.0	0.0	0.0	0.0	0.0	0.0	0.0	0.003395585738539898
2L	2428242	C	G	AGAP004707		n.4191+132C>G	False	5154	0.0	0.0	0.0	0.0	0.0	0.0	0.0	1.0	0.0	0.0	0.0	0.0	0.007692307692307692	0.0	0.0	0.0	0.0	0.0	0.0	0.0	0.0	0.0	0.0	0.003829787234042553
2L	2428542	C	T	AGAP004707		n.4191+432C>T	False	5155	0.0	0.0	0.0	0.0	0.0	0.0	0.005050505050505051	0.0	0.0	0.0	0.0	0.0	0.0	0.0	0.0	0.0	0.0	0.0	0.0	0.0	0.0	0.0	0.0	0.001274426508071368
2L	2428584	A	T	AGAP004707		n.4191+474A>T	False	5156	0.8397435897435898	0.0	0.8533333333333334	1.0	0.9225352112676056	0.0	0.9949494949494949	0.0	1.0	1.0	0.8181818181818182	1.0	0.5692307692307692	0.875	1.0	0.8333333333333334	0.3076923076923077	0.8125	0.0	0.0	0.0	1.0	0.0	0.8484719864176571
2L	2428593	T	C	AGAP004707		n.4191+483T>C	False	5157	0.02564102564102564	0.0	0.0	0.0	0.0	0.0	0.0	0.0	0.0	0.0	0.0	0.0	0.0	0.0	0.0	0.0	0.0	0.0	0.0	0.0	0.0	0.0	0.0	0.0016992353440951572
2L	2428745	C	G	AGAP004707		n.4192-352C>G	False	5158	0.0	0.0	0.0	0.0	0.0	0.0	0.003367003367003367	0.0	0.0	0.0	0.0	0.0	0.0	0.0	0.0	0.0	0.0	0.0	1.0	1.0	0.0	0.0	0.0	0.00933786078098472
2L	2429231	A	T	AGAP004707		n.4314+12A>T	False	5159	0.0	1.0	0.0	0.0	0.0	1.0	0.037037037037037035	1.0	0.0	0.0	0.0	0.0	0.0	0.0	0.0	0.0	0.0	0.0	0.0	0.0	1.0	0.0	0.0	0.022920203735144314
2L	2429248	G	A	AGAP004707		n.4314+29G>A	False	5160	0.0	0.0	0.0	0.0	0.0	0.125	0.6144781144781145	0.0	0.4166666666666667	0.8695652173913043	0.0	0.0	0.2923076923076923	0.0	0.0	0.5	0.11538461538461539	0.7604166666666666	1.0	1.0	0.25	0.4732142857142857	0.0	0.32894736842105265
2L	2429253	C	T	AGAP004707		n.4315-29C>T	False	5161	0.0	0.0	0.0	0.0	0.0	0.0	0.0	0.0	0.0	0.0	0.0	0.0	0.0	0.0	0.0125	0.0	0.0	0.0	1.0	1.0	0.0	0.0	0.0	0.008913412563667233
2L	2429268	C	T	AGAP004707		n.4315-14C>T	False	5162	0.01282051282051282	0.0	0.0	0.0	0.0	0.0	0.0	0.0	0.0	0.007246376811594203	0.0	0.0	0.0	0.0	0.0	0.0	0.0	0.0	1.0	1.0	0.0	0.0	0.0	0.009762308998302207
2L	2429495	T	A	AGAP004707		n.4518+10T>A	False	5163	0.0	0.0	0.0	0.0	0.0	0.0	0.006734006734006734	0.0	0.0	0.0	0.0	0.0	0.0	0.0	0.0	0.05555555555555555	0.0	0.0	0.0	0.0	0.0	0.0	0.0	0.002131287297527707
2L	2429497	A	G	AGAP004707		n.4518+12A>G	False	5164	0.0	0.0	0.0	0.0	0.0	0.0	0.0	0.0	0.0	0.0	0.0	0.0	0.007692307692307692	0.0	0.0	0.0	0.01098901098901099	0.0	0.0	0.0	0.0	0.0	0.0	0.0012787723785166241
2L	2429617	T	C	AGAP004707	p.Ile1527Thr	n.4580T>C	True	5165	0.0	0.0	0.13333333333333333	0.0	0.08450704225352113	0.0	0.0	0.0	0.0	0.0	0.17272727272727273	0.0	0.0	0.125	0.0	0.0	0.0	0.0	0.0	0.0	0.0	0.0	0.0	0.022090059473237042
2L	2429745	A	T	AGAP004707	p.Asn1570Tyr	n.4708A>T	True	5166	0.0	0.0	0.26666666666666666	0.20652173913043478	0.0	0.0	0.05723905723905724	0.0	0.0	0.0	0.0	0.16666666666666666	0.0	0.0	0.0875	0.0	0.0	0.0	0.0	0.0	0.0	0.0	0.0	0.052207130730050934
2L	2429889	A	C	AGAP004707	p.Ile1594Ile	n.4782A>C	False	5167	0.019230769230769232	0.0	0.0	0.0	0.0	0.0	0.0	0.0	0.0	0.0	0.0	0.0	0.0	0.0	0.0	0.0	0.0	0.0	0.0	0.0	0.0	0.0	0.0	0.0012733446519524619
2L	2429896	G	C	AGAP004707	p.Glu1597Gln	n.4789G>C	True	5168	0.0	0.0	0.006666666666666667	0.0	0.0	0.0	0.0	0.0	0.0	0.0	0.03636363636363636	0.0	0.0	0.0	0.0	0.0	0.0	0.0	0.0	0.0	0.0	0.0	0.0	0.0021222410865874364
2L	2429897	A	G	AGAP004707	p.Glu1597Gly	n.4790A>G	True	5169	0.0	0.0	0.0	0.06521739130434782	0.0	0.0	0.0	0.0	0.0	0.0	0.0	0.0	0.0	0.0	0.0625	0.0	0.0	0.0	0.0	0.0	0.0	0.0	0.0	0.007215619694397283
2L	2429915	A	C	AGAP004707	p.Lys1603Thr	n.4808A>C	True	5170	0.0	0.0	0.04666666666666667	0.0	0.0	0.0	0.0	0.0	0.0	0.0	0.05454545454545454	0.0	0.0	0.0	0.0	0.0	0.0	0.0	0.0	0.0	0.0	0.0	0.0	0.005536626916524702
2L	2430363	A	C	AGAP004707	p.Ala1725Ala	n.5175A>C	False	5171	0.8397435897435898	1.0	0.8533333333333334	1.0	0.9225352112676056	1.0	1.0	1.0	1.0	1.0	0.8181818181818182	1.0	0.8384615384615385	0.875	1.0	0.8333333333333334	0.7252747252747253	0.8125	1.0	1.0	1.0	1.0	1.0	0.9274193548387096
2L	2430396	G	A	AGAP004707	p.Leu1736Leu	n.5208G>A	False	5172	0.0	0.0	0.0	0.0	0.0	0.0	0.0	0.0	0.0	0.0	0.0	0.0	0.007692307692307692	0.0	0.0	0.0	0.04945054945054945	0.0	0.0	0.0	0.0	0.0	0.0	0.004244482173174873
2L	2430424	G	T	AGAP004707	p.Ala1746Ser	n.5236G>T	True	5173	0.0	0.0	0.0	0.14130434782608695	0.0	0.0	0.0	0.0	0.0	0.0	0.0	0.2916666666666667	0.0	0.0	0.1	0.0	0.0	0.0	0.0	0.0	0.0	0.0	0.0	0.01740237691001698
2L	2430549	T	G	AGAP004707		n.5340+21T>G	False	5174	0.0	0.0	0.0	0.0	0.0	0.0	0.0	0.0	0.0	0.0	0.0	0.0	0.0	0.0	0.0	0.0	0.005494505494505495	0.0	0.0	0.0	0.0	0.0	1.0	0.008913412563667233
2L	2430564	A	G	AGAP004707		n.5340+36A>G	False	5175	0.0	0.0	0.0	0.0	0.0	0.0	0.010101010101010102	0.0	0.0	0.0	0.0	0.0	0.030769230769230767	0.0	0.0	0.0	0.01098901098901099	0.0	0.0	0.0	0.0	0.0	0.0	0.0050933786078098476
2L	2430574	T	G	AGAP004707		n.5341-27T>G	False	5176	0.0	0.0	0.0	0.0	0.0	0.0	0.0	1.0	0.0	0.0	0.0	0.0	0.007692307692307692	0.0	0.0	0.0	0.01098901098901099	0.0	1.0	1.0	0.0	0.0	0.0	0.013157894736842105
2L	2430657	C	T	AGAP004707	p.Asp1799Asp	n.5397C>T	False	5177	0.0	0.0	0.0	0.0	0.0	0.0	0.006734006734006734	0.0	0.0	0.0	0.0	0.0	0.0	0.0	0.0	0.0	0.0	0.0	0.0	0.0	0.0	0.0	0.0	0.001697792869269949
2L	2430786	C	T	AGAP004707	p.Ile1842Ile	n.5526C>T	False	5178	0.8397435897435898	0.0	0.8533333333333334	1.0	0.9225352112676056	0.0	1.0	0.0	1.0	1.0	0.8181818181818182	1.0	0.5692307692307692	0.875	1.0	0.8333333333333334	0.3076923076923077	0.8125	0.0	0.0	0.0	1.0	0.0	0.8497453310696095
2L	2430817	G	A	AGAP004707	p.Val1853Ile	n.5557G>A	True	5179	0.0	0.0	0.0	0.04891304347826087	0.0	0.0	0.0	0.0	0.0	0.0	0.0	0.5416666666666666	0.0	0.0	0.0625	0.0	0.0	0.0	0.0	0.0	0.0	0.0	0.0	0.011460101867572157
2L	2430858	C	T	AGAP004707	p.Tyr1866Tyr	n.5598C>T	False	5180	0.0	0.0	0.0	0.0	0.0	0.125	0.005050505050505051	0.0	0.0	0.0	0.0	0.0	0.0	0.0	0.0	0.0	0.0	0.0	0.0	0.0	0.0	0.0	0.0	0.001697792869269949
2L	2430863	T	C	AGAP004707	p.Ile1868Thr	n.5603T>C	True	5181	0.0	0.0	0.0	0.2608695652173913	0.0	0.0	0.0	0.0	0.0	0.0	0.0	0.0	0.0	0.0	0.2	0.0	0.0	0.0	0.0	0.0	0.0	0.0	0.0	0.027164685908319185
2L	2430880	C	T	AGAP004707	p.Pro1874Ser	n.5620C>T	True	5182	0.0	0.0	0.20666666666666667	0.0	0.34507042253521125	0.0	0.0	0.0	0.0	0.0	0.02727272727272727	0.0	0.0	0.0	0.0	0.0	0.0	0.0	0.0	0.0	0.0	0.0	0.0	0.0352891156462585
2L	2430881	C	T	AGAP004707	p.Pro1874Leu	n.5621C>T	True	5183	0.0	0.0	0.07333333333333333	0.23369565217391305	0.007042253521126761	0.0	0.0	0.0	0.0	0.0	0.0	0.0	0.0	0.25	0.475	0.0	0.0	0.0	0.0	0.0	0.0	0.0	0.0	0.04039115646258504
2L	2430915	A	G	AGAP004707	p.Leu1885Leu	n.5655A>G	False	5184	0.8397435897435898	1.0	0.8533333333333334	1.0	0.9225352112676056	1.0	1.0	1.0	1.0	1.0	0.8181818181818182	1.0	0.5692307692307692	0.875	1.0	0.8333333333333334	0.3076923076923077	0.8125	1.0	1.0	1.0	1.0	1.0	0.8803056027164686
2L	2431005	C	T	AGAP004707	p.Arg1915Arg	n.5745C>T	False	5185	0.8397435897435898	1.0	0.8533333333333334	1.0	0.9225352112676056	1.0	1.0	1.0	1.0	1.0	0.8181818181818182	1.0	0.5692307692307692	0.875	1.0	0.8333333333333334	0.3131868131868132	0.8125	1.0	1.0	1.0	1.0	1.0	0.8807300509337861
2L	2431019	T	C	AGAP004707	p.Phe1920Ser	n.5759T>C	True	5186	0.0	0.0	0.0	0.0	0.0	0.0	0.016835016835016835	0.0	0.0	0.028985507246376812	0.0	0.0	0.0	0.0	0.0	0.0	0.0	0.0	0.0	0.0	0.0	0.0	0.0	0.005988023952095809
2L	2431079	T	C	AGAP004707	p.Ile1940Thr	n.5819T>C	True	5187	0.0	0.0	0.04	0.0	0.0	0.0	0.06734006734006734	0.0	0.0	0.0	0.11818181818181818	0.0	0.0	0.0	0.0	0.0	0.0	0.0	0.0	0.0	0.0	0.0	0.0	0.02504244482173175
2L	2431194	G	A	AGAP004707	p.Gln1978Gln	n.5934G>A	False	5188	0.8397435897435898	1.0	0.8533333333333334	1.0	0.9225352112676056	1.0	1.0	1.0	1.0	1.0	0.8181818181818182	1.0	0.8384615384615385	0.875	1.0	0.8333333333333334	0.7307692307692307	0.8125	1.0	1.0	1.0	1.0	1.0	0.9274124679760888
2L	2431232	G	A	AGAP004707	p.Gly1991Glu	n.5972G>A	True	5189	0.0	0.0	0.0	0.0	0.0	0.0	0.0	0.0	0.0	0.0	0.0	0.0	0.0	0.0	0.0	0.0	0.016483516483516484	0.0	0.0	0.0	0.0	0.0	0.0	0.0012733446519524619
2L	2431338	T	C	AGAP004707	p.Ser2026Ser	n.6078T>C	False	5190	0.0	0.0	0.13333333333333333	0.0	0.07746478873239436	0.0	0.0	0.0	0.0	0.0	0.17272727272727273	0.0	0.0	0.125	0.0	0.0	0.0	0.0	0.0	0.0	0.0	0.0	0.0	0.02164685908319185
2L	2431356	G	A	AGAP004707	p.Gln2032Gln	n.6096G>A	False	5191	0.0	0.0	0.0	0.0	0.0	0.0	0.0	1.0	0.0	0.0	0.0	0.0	0.007692307692307692	0.0	0.0	0.05555555555555555	0.06043956043956044	0.1875	0.0	0.0	0.0	0.0	0.0	0.016553480475382003
2L	2431487	G	C	AGAP004707	p.Ser2076Thr	n.6227G>C	True	5192	0.0	0.0	0.0	0.0	0.0	0.0	0.010101010101010102	0.0	0.0	0.0	0.0	0.0	0.0	0.0	0.0	0.0	0.0	0.0	0.0	0.0	0.0	0.0	0.0	0.0025466893039049238
2L	2431518	C	A	AGAP004707	p.Ala2086Ala	n.6258C>A	False	5193	0.0	0.0	0.0	0.0	0.0	0.0	0.02861952861952862	0.0	0.0	0.0	0.0	0.0	0.0	0.0	0.0	0.05555555555555555	0.0	0.010416666666666666	0.0	0.0	0.0	0.0	0.0	0.008064516129032258
2L	2431527	G	C	AGAP004707	p.Val2089Val	n.6267G>C	False	5194	0.0	0.0	0.0	0.0	0.0	0.0	0.010101010101010102	0.0	0.0	0.0	0.0	0.0	0.007692307692307692	0.0	0.0	0.0	0.02197802197802198	0.0	0.0	0.0	0.0	0.0	0.0	0.00466893039049236
2L	2431542	T	C	AGAP004707	p.Phe2094Phe	n.6282T>C	False	5195	0.08333333333333333	0.0	0.0	0.0	0.0	0.0	0.0	0.0	0.0	0.0	0.0	0.0	0.0	0.0	0.0	0.0	0.0	0.0	0.0	0.0	0.0	0.0	0.0	0.0055178268251273345
2L	2431590	C	T	AGAP004707	p.Ser2110Ser	n.6330C>T	False	5196	0.0	0.0	0.0	0.0	0.0	0.0	0.0	0.0	0.0	0.0	0.0	0.0	0.038461538461538464	0.0	0.0	0.0	0.0	0.0	0.0	0.0	0.0	0.0	0.0	0.0021222410865874364
