2L:2390177 Arg254Lys	2L:2399997 Asp466His	2L:2416980 Thr791Met	2L:2422651 Leu995Ser	2L:2422652 Leu995Phe	2L:2429617 Ile1527Thr	2L:2429745 Asn1570Tyr	2L:2429897 Glu1597Gly	2L:2429915 Lys1603Thr	2L:2430424 Ala1746Ser	2L:2430817 Val1853Ile	2L:2430863 Ile1868Thr	2L:2430880 Pro1874Ser	2L:2430881 Pro1874Leu	2L:2431079 Ile1940Thr	2L:25429235 Ala296Ser	2L:25429236 Ala296Gly	2L:25433170 Thr345Ser	2L:25433171 Thr345Met	2L:25434478 Asn530Lys	2L:25434505 His539Gln
	0.21038961038961038	-1.0	0.31601731601731603	0.6179679144385026	-1.0	-0.023853211009174313	-1.0	-1.0	-1.0	-1.0	-1.0	-1.0	-1.0	0.09685086155674391	-1.0	0.14094579008073818	-1.0	0.14437803927391515	0.19383561643835617	0.07046754987370484
0.21038961038961038		-1.0	0.09818181818181818	0.38805194805194804	-1.0	-0.691218872870249	-1.0	-1.0	-1.0	-1.0	-1.0	-1.0	-1.0	0.9701356318925085	-1.0	0.22359532048113362	-1.0	0.22669735327963175	0.10282560126166382	0.09919571045576407
-1.0	-1.0		-1.0	-1.0	-1.0	0.13629813162086316	0.20582484999662914	-1.0	0.9687143122725945	0.27122750940867146	0.23521208040780994	-0.5256151674062122	0.1733365652648164	-1.0	-0.2924924924924925	0.19211945509523365	-0.24195624195624196	0.19534724598015737	0.18058629006191104	0.14788783421491197
0.31601731601731603	0.09818181818181818	-1.0		0.6021390374331551	-1.0	-0.5124508519003932	-1.0	-1.0	-1.0	-1.0	-1.0	-1.0	-1.0	0.027450980392156862	-1.0	0.1214368100181249	-1.0	0.12494700502695173	0.047977862920391655	0.0307311903920876
0.6179679144385026	0.38805194805194804	-1.0	0.6021390374331551		0.9474928622412563	-0.15498168913051685	-1.0	-1.0	-1.0	-1.0	-1.0	-0.20545421042933482	-0.682655332928557	0.2588864422774457	0.04808080808080808	0.06623758193667204	0.07007894066717596	0.0643992669309125	0.1318819890554366	0.027020928527105546
-1.0	-1.0	-1.0	-1.0	0.9474928622412563		0.012737983770287141	-1.0	-1.0	-1.0	-1.0	-1.0	0.18255490373044525	0.03313883901855177	0.020037744227353462	0.23548863300856215	-0.44808413719185425	0.25534607111223584	-0.5215798045602605	-1.0	-1.0
-0.023853211009174313	-0.691218872870249	0.13629813162086316	-0.5124508519003932	-0.15498168913051685	0.012737983770287141		0.06756853997265597	-0.020850708924103418	0.13178558267426368	0.22214273922852584	0.2245435332432526	0.06234525591349718	0.1507981624594773	-0.5761827666846555	0.21638083359318158	0.040178618668190426	0.23911978261837943	0.0564288806072571	0.06937161880982105	0.1298771765402259
-1.0	-1.0	0.20582484999662914	-1.0	-1.0	-1.0	0.06756853997265597		-1.0	0.20859926100100773	0.06340687736036574	0.2744319737202299	-1.0	0.10755432907899276	-1.0	-1.0	0.6864519563481501	-1.0	0.583606267150571	0.16707947066732715	0.19158589399876264
-1.0	-1.0	-1.0	-1.0	-1.0	-1.0	-0.020850708924103418	-1.0		-1.0	-1.0	-1.0	0.13220896750308514	-1.0	0.0496235732210799	0.338272002576697	-0.31365097924583457	0.3400256986829425	-0.3058928042641398	-1.0	-1.0
-1.0	-1.0	0.9687143122725945	-1.0	-1.0	-1.0	0.13178558267426368	0.20859926100100773	-1.0		0.21325455946570768	0.269545993745282	-1.0	0.2009783938035059	-1.0	-1.0	0.13536751599035335	-1.0	0.13882205251595356	0.17969947868751918	0.17198797627752052
-1.0	-1.0	0.27122750940867146	-1.0	-1.0	-1.0	0.22214273922852584	0.06340687736036574	-1.0	0.21325455946570768		0.07525643709441072	-1.0	0.19345819045106832	-1.0	-1.0	0.04091186647669448	-1.0	0.04474378934542747	0.3630607716867796	0.13452136886926352
-1.0	-1.0	0.23521208040780994	-1.0	-1.0	-1.0	0.2245435332432526	0.2744319737202299	-1.0	0.269545993745282	0.07525643709441072		-1.0	0.33592426507224715	-1.0	-1.0	0.3709684309453629	-1.0	0.3484209180411712	0.15782479811918634	0.143679872902393
-1.0	-1.0	-0.5256151674062122	-1.0	-0.20545421042933482	0.18255490373044525	0.06234525591349718	-1.0	0.13220896750308514	-1.0	-1.0	-1.0		-0.13677514068999266	-0.655838454784899	0.32519058939257317	-0.20986706339684216	0.3275418416943412	-0.20093344353152803	-0.6102819237147595	-1.0
-1.0	-1.0	0.1733365652648164	-1.0	-0.682655332928557	0.03313883901855177	0.1507981624594773	0.10755432907899276	-1.0	0.2009783938035059	0.19345819045106832	0.33592426507224715	-0.13677514068999266		-0.24397299903567984	0.08911536893599674	0.15307495498910262	0.12536366619271574	0.17866394388034867	0.13008989952406133	0.07473085228795259
0.09685086155674391	0.9701356318925085	-1.0	0.027450980392156862	0.2588864422774457	0.020037744227353462	-0.5761827666846555	-1.0	0.0496235732210799	-1.0	-1.0	-1.0	-0.655838454784899	-0.24397299903567984		0.02443064182194617	0.20075988873057873	0.02940803650652808	0.20395315778785622	0.04459115753016938	0.05209483257109814
-1.0	-1.0	-0.2924924924924925	-1.0	0.04808080808080808	0.23548863300856215	0.21638083359318158	-1.0	0.338272002576697	-1.0	-1.0	-1.0	0.32519058939257317	0.08911536893599674	0.02443064182194617		-0.915827081100393	0.9009792796200563	-0.9148751357220413	-1.0	-1.0
0.14094579008073818	0.22359532048113362	0.19211945509523365	0.1214368100181249	0.06623758193667204	-0.44808413719185425	0.040178618668190426	0.6864519563481501	-0.31365097924583457	0.13536751599035335	0.04091186647669448	0.3709684309453629	-0.20986706339684216	0.15307495498910262	0.20075988873057873	-0.915827081100393		-0.9098147297504211	0.9955715388525918	0.6224659994867847	0.6422269546699118
-1.0	-1.0	-0.24195624195624196	-1.0	0.07007894066717596	0.25534607111223584	0.23911978261837943	-1.0	0.3400256986829425	-1.0	-1.0	-1.0	0.3275418416943412	0.12536366619271574	0.02940803650652808	0.9009792796200563	-0.9098147297504211		-0.9087947882736156	-1.0	-1.0
0.14437803927391515	0.22669735327963175	0.19534724598015737	0.12494700502695173	0.0643992669309125	-0.5215798045602605	0.0564288806072571	0.583606267150571	-0.3058928042641398	0.13882205251595356	0.04474378934542747	0.3484209180411712	-0.20093344353152803	0.17866394388034867	0.20395315778785622	-0.9148751357220413	0.9955715388525918	-0.9087947882736156		0.6239759344598055	0.6436593213136648
0.19383561643835617	0.10282560126166382	0.18058629006191104	0.047977862920391655	0.1318819890554366	-1.0	0.06937161880982105	0.16707947066732715	-1.0	0.17969947868751918	0.3630607716867796	0.15782479811918634	-0.6102819237147595	0.13008989952406133	0.04459115753016938	-1.0	0.6224659994867847	-1.0	0.6239759344598055		0.05004446600371897
0.07046754987370484	0.09919571045576407	0.14788783421491197	0.0307311903920876	0.027020928527105546	-1.0	0.1298771765402259	0.19158589399876264	-1.0	0.17198797627752052	0.13452136886926352	0.143679872902393	-1.0	0.07473085228795259	0.05209483257109814	-1.0	0.6422269546699118	-1.0	0.6436593213136648	0.05004446600371897	
